review_id,topic,municipality_code,prefecture,municipality,candidate_district_code,candidate_district_name,candidate_basin_code,candidate_basin_name,question,source_reference,agency_answer,official_district_code,official_district_name,official_basin_code,official_basin_name,coverage,subarea,boundary_data_url,effective_date,source_document,source_page,source_url,remarks
FR001,未割当,01699,北海道,紗那村,,,,,現行の森林計画区・広域流域、全域／一部指定、所属未定地等の扱いをご確認ください。,data/forest/unassigned_official_four_pref_review.csv,,,,,,,,,,,,,
FR002,未割当,03216,岩手県,滝沢市,,,,,現行の森林計画区・広域流域、全域／一部指定、所属未定地等の扱いをご確認ください。,data/forest/unassigned_official_four_pref_review.csv,,,,,,,,,,,,,
FR003,未割当,12000,千葉県,所属未定地,,,,,現行の森林計画区・広域流域、全域／一部指定、所属未定地等の扱いをご確認ください。,data/forest/unassigned_official_four_pref_review.csv,,,,,,,,,,,,,
FR004,未割当,12239,千葉県,大網白里市,,,,,現行の森林計画区・広域流域、全域／一部指定、所属未定地等の扱いをご確認ください。,data/forest/unassigned_official_four_pref_review.csv,,,,,,,,,,,,,
FR005,未割当,13000,東京都,所属未定地,,,,,現行の森林計画区・広域流域、全域／一部指定、所属未定地等の扱いをご確認ください。,data/forest/unassigned_official_four_pref_review.csv,,,,,,,,,,,,,
FR006,未割当,13363,東京都,新島村,,,,,現行の森林計画区・広域流域と全域／一部指定の範囲をご確認ください。新島村は対象森林側の伊豆諸島・利根川が現行区域全体の所属かも確認願います。,data/forest/unassigned_official_four_pref_review.csv,,,,,,,,,,,,,
FR007,未割当,17212,石川県,野々市市,,,,,現行の森林計画区・広域流域、全域／一部指定、所属未定地等の扱いをご確認ください。,data/forest/unassigned_official_four_pref_review.csv,,,,,,,,,,,,,
FR008,未割当,17461,石川県,穴水町,,,,,現行の森林計画区・広域流域、全域／一部指定、所属未定地等の扱いをご確認ください。,data/forest/unassigned_official_four_pref_review.csv,,,,,,,,,,,,,
FR009,未割当,17463,石川県,能登町,,,,,現行の森林計画区・広域流域、全域／一部指定、所属未定地等の扱いをご確認ください。,data/forest/unassigned_official_four_pref_review.csv,,,,,,,,,,,,,
FR010,未割当,21221,岐阜県,海津市,,,,,現行の森林計画区・広域流域、全域／一部指定、所属未定地等の扱いをご確認ください。,data/forest/unassigned_official_four_pref_review.csv,,,,,,,,,,,,,
FR011,未割当,23000,愛知県,所属未定地,,,,,現行の森林計画区・広域流域、全域／一部指定、所属未定地等の扱いをご確認ください。,data/forest/unassigned_official_four_pref_review.csv,,,,,,,,,,,,,
FR012,未割当,23237,愛知県,あま市,,,,,現行の森林計画区・広域流域、全域／一部指定、所属未定地等の扱いをご確認ください。,data/forest/unassigned_official_four_pref_review.csv,,,,,,,,,,,,,
FR013,未割当,23238,愛知県,長久手市,,,,,現行の森林計画区・広域流域、全域／一部指定、所属未定地等の扱いをご確認ください。,data/forest/unassigned_official_four_pref_review.csv,,,,,,,,,,,,,
FR014,未割当,28221,兵庫県,丹波篠山市,,,,,現行の森林計画区・広域流域、全域／一部指定、所属未定地等の扱いをご確認ください。,data/forest/unassigned_official_four_pref_review.csv,,,,,,,,,,,,,
FR015,未割当,30000,和歌山県,所属未定地,,,,,現行の森林計画区・広域流域、全域／一部指定、所属未定地等の扱いをご確認ください。,data/forest/unassigned_official_four_pref_review.csv,,,,,,,,,,,,,
FR016,未割当,39212,高知県,香美市,,,,,現行の森林計画区・広域流域、全域／一部指定、所属未定地等の扱いをご確認ください。,data/forest/unassigned_official_four_pref_review.csv,,,,,,,,,,,,,
FR017,未割当,40000,福岡県,所属未定地,,,,,現行の森林計画区・広域流域、全域／一部指定、所属未定地等の扱いをご確認ください。,data/forest/unassigned_official_four_pref_review.csv,,,,,,,,,,,,,
FR018,未割当,40231,福岡県,那珂川市,,,,,現行の森林計画区・広域流域、全域／一部指定、所属未定地等の扱いをご確認ください。,data/forest/unassigned_official_four_pref_review.csv,,,,,,,,,,,,,
FR019,未割当,46000,鹿児島県,所属未定地,,,,,現行の森林計画区・広域流域、全域／一部指定、所属未定地等の扱いをご確認ください。,data/forest/unassigned_official_four_pref_review.csv,,,,,,,,,,,,,
FR020,未割当,47000,沖縄県,所属未定地,,,,,現行の森林計画区・広域流域、全域／一部指定、所属未定地等の扱いをご確認ください。,data/forest/unassigned_official_four_pref_review.csv,,,,,,,,,,,,,
FR021,島しょ部・複数系,13421,東京都,小笠原村,049,伊豆諸島,17,利根川,各島・座標系で分かれた地物の現行所属は同じですか。異なる場合は範囲と公式境界・適用日をご提示ください。,data/forest/split_municipality_forest_evidence.csv,,,,,,,,,,,,,
FR022,島しょ部・複数系,46215,鹿児島県,薩摩川内市,150,北薩,43,川内・肝属川,各島・座標系で分かれた地物の現行所属は同じですか。異なる場合は範囲と公式境界・適用日をご提示ください。,data/forest/split_municipality_forest_evidence.csv,,,,,,,,,,,,,
FR023,島しょ部・複数系,46220,鹿児島県,南さつま市,152,南薩,43,川内・肝属川,各島・座標系で分かれた地物の現行所属は同じですか。異なる場合は範囲と公式境界・適用日をご提示ください。,data/forest/split_municipality_forest_evidence.csv,,,,,,,,,,,,,
FR024,島しょ部・複数系,46303,鹿児島県,三島村,152,南薩,43,川内・肝属川,各島・座標系で分かれた地物の現行所属は同じですか。異なる場合は範囲と公式境界・適用日をご提示ください。,data/forest/split_municipality_forest_evidence.csv,,,,,,,,,,,,,
FR025,島しょ部・複数系,46304,鹿児島県,十島村,152,南薩,43,川内・肝属川,各島・座標系で分かれた地物の現行所属は同じですか。異なる場合は範囲と公式境界・適用日をご提示ください。,data/forest/split_municipality_forest_evidence.csv,,,,,,,,,,,,,
FR026,所属差,01520,北海道,幌延町,008,留萌,01,天塩川,幌延町の候補は留萌、対象森林側は宗谷です。現行所属と変更時期・範囲をご確認ください。,data/forest/forest_target_four_pref_comparison.csv,,,,,,,,,,,,,
FR027,市・区コード,01100,北海道,札幌市,,,,,札幌市01100の森林データと行政区コードの対応・各区の計画区所属をご確認ください。,data/forest/forest_target_four_pref_comparison.csv,,,,,,,,,,,,,
FR028,森林計画区コード体系,,,,,,,,全国001～158、北海道001～013・01～13の名前空間・一意性・相互対応、特殊701の扱いをご確認ください。,docs/BOUNDARY_SOURCE_REVIEW.md,,,,,,,,,,,,,
FR029,広域流域コード・現行対応,,,,,,,,44広域流域の公式コード・基準日・158計画区との現行対応表をご提供いただけますか。候補01～44は公式ID未確認です。,docs/INQUIRY_STATUS.md,,,,,,,,,,,,,
FR030,公式境界・一部指定,,,,,,,,計画区・広域流域の行政上の全域境界GIS、市町村内分割、基準日・利用条件の提供元をご確認ください。対象森林だけの区域との違いも確認願います。,docs/BOUNDARY_SOURCE_REVIEW.md,,,,,,,,,,,,,
