prefecture,district_code,municipality,source_date,source_url
富山県,055,富山市,2024-03-13,https://www.pref.toyama.jp/1603/5jou/plan.html
富山県,055,魚津市,2024-03-13,https://www.pref.toyama.jp/1603/5jou/plan.html
富山県,055,滑川市,2024-03-13,https://www.pref.toyama.jp/1603/5jou/plan.html
富山県,055,黒部市,2024-03-13,https://www.pref.toyama.jp/1603/5jou/plan.html
富山県,055,上市町,2024-03-13,https://www.pref.toyama.jp/1603/5jou/plan.html
富山県,055,立山町,2024-03-13,https://www.pref.toyama.jp/1603/5jou/plan.html
富山県,055,入善町,2024-03-13,https://www.pref.toyama.jp/1603/5jou/plan.html
富山県,055,朝日町,2024-03-13,https://www.pref.toyama.jp/1603/5jou/plan.html
富山県,056,高岡市,2024-03-13,https://www.pref.toyama.jp/1603/5jou/plan.html
富山県,056,氷見市,2024-03-13,https://www.pref.toyama.jp/1603/5jou/plan.html
富山県,056,砺波市,2024-03-13,https://www.pref.toyama.jp/1603/5jou/plan.html
富山県,056,小矢部市,2024-03-13,https://www.pref.toyama.jp/1603/5jou/plan.html
富山県,056,南砺市,2024-03-13,https://www.pref.toyama.jp/1603/5jou/plan.html
富山県,056,射水市,2024-03-13,https://www.pref.toyama.jp/1603/5jou/plan.html
宮城県,023,富谷市,2026-04-01,https://www.pref.miyagi.jp/soshiki/ringyo-sk/chiikishinrinkeikaku.html
宮城県,023,大和町,2026-04-01,https://www.pref.miyagi.jp/soshiki/ringyo-sk/chiikishinrinkeikaku.html
宮城県,023,大郷町,2026-04-01,https://www.pref.miyagi.jp/soshiki/ringyo-sk/chiikishinrinkeikaku.html
宮城県,023,大衡村,2026-04-01,https://www.pref.miyagi.jp/soshiki/ringyo-sk/chiikishinrinkeikaku.html
宮城県,023,大崎市,2026-04-01,https://www.pref.miyagi.jp/soshiki/ringyo-sk/chiikishinrinkeikaku.html
宮城県,023,色麻町,2026-04-01,https://www.pref.miyagi.jp/soshiki/ringyo-sk/chiikishinrinkeikaku.html
宮城県,023,加美町,2026-04-01,https://www.pref.miyagi.jp/soshiki/ringyo-sk/chiikishinrinkeikaku.html
宮城県,023,涌谷町,2026-04-01,https://www.pref.miyagi.jp/soshiki/ringyo-sk/chiikishinrinkeikaku.html
宮城県,023,美里町,2026-04-01,https://www.pref.miyagi.jp/soshiki/ringyo-sk/chiikishinrinkeikaku.html
宮城県,023,栗原市,2026-04-01,https://www.pref.miyagi.jp/soshiki/ringyo-sk/chiikishinrinkeikaku.html
宮城県,023,石巻市,2026-04-01,https://www.pref.miyagi.jp/soshiki/ringyo-sk/chiikishinrinkeikaku.html
宮城県,023,東松島市,2026-04-01,https://www.pref.miyagi.jp/soshiki/ringyo-sk/chiikishinrinkeikaku.html
宮城県,023,女川町,2026-04-01,https://www.pref.miyagi.jp/soshiki/ringyo-sk/chiikishinrinkeikaku.html
宮城県,023,登米市,2026-04-01,https://www.pref.miyagi.jp/soshiki/ringyo-sk/chiikishinrinkeikaku.html
宮城県,023,気仙沼市,2026-04-01,https://www.pref.miyagi.jp/soshiki/ringyo-sk/chiikishinrinkeikaku.html
宮城県,023,南三陸町,2026-04-01,https://www.pref.miyagi.jp/soshiki/ringyo-sk/chiikishinrinkeikaku.html
宮城県,024,白石市,2026-04-01,https://www.pref.miyagi.jp/soshiki/ringyo-sk/chiikishinrinkeikaku.html
宮城県,024,角田市,2026-04-01,https://www.pref.miyagi.jp/soshiki/ringyo-sk/chiikishinrinkeikaku.html
宮城県,024,蔵王町,2026-04-01,https://www.pref.miyagi.jp/soshiki/ringyo-sk/chiikishinrinkeikaku.html
宮城県,024,七ヶ宿町,2026-04-01,https://www.pref.miyagi.jp/soshiki/ringyo-sk/chiikishinrinkeikaku.html
宮城県,024,大河原町,2026-04-01,https://www.pref.miyagi.jp/soshiki/ringyo-sk/chiikishinrinkeikaku.html
宮城県,024,村田町,2026-04-01,https://www.pref.miyagi.jp/soshiki/ringyo-sk/chiikishinrinkeikaku.html
宮城県,024,柴田町,2026-04-01,https://www.pref.miyagi.jp/soshiki/ringyo-sk/chiikishinrinkeikaku.html
宮城県,024,川崎町,2026-04-01,https://www.pref.miyagi.jp/soshiki/ringyo-sk/chiikishinrinkeikaku.html
宮城県,024,丸森町,2026-04-01,https://www.pref.miyagi.jp/soshiki/ringyo-sk/chiikishinrinkeikaku.html
宮城県,024,仙台市,2026-04-01,https://www.pref.miyagi.jp/soshiki/ringyo-sk/chiikishinrinkeikaku.html
宮城県,024,塩竈市,2026-04-01,https://www.pref.miyagi.jp/soshiki/ringyo-sk/chiikishinrinkeikaku.html
宮城県,024,名取市,2026-04-01,https://www.pref.miyagi.jp/soshiki/ringyo-sk/chiikishinrinkeikaku.html
宮城県,024,多賀城市,2026-04-01,https://www.pref.miyagi.jp/soshiki/ringyo-sk/chiikishinrinkeikaku.html
宮城県,024,岩沼市,2026-04-01,https://www.pref.miyagi.jp/soshiki/ringyo-sk/chiikishinrinkeikaku.html
宮城県,024,亘理町,2026-04-01,https://www.pref.miyagi.jp/soshiki/ringyo-sk/chiikishinrinkeikaku.html
宮城県,024,山元町,2026-04-01,https://www.pref.miyagi.jp/soshiki/ringyo-sk/chiikishinrinkeikaku.html
宮城県,024,松島町,2026-04-01,https://www.pref.miyagi.jp/soshiki/ringyo-sk/chiikishinrinkeikaku.html
宮城県,024,七ヶ浜町,2026-04-01,https://www.pref.miyagi.jp/soshiki/ringyo-sk/chiikishinrinkeikaku.html
宮城県,024,利府町,2026-04-01,https://www.pref.miyagi.jp/soshiki/ringyo-sk/chiikishinrinkeikaku.html
鹿児島県,150,薩摩川内市,2026-04-01,https://www.pref.kagoshima.jp/ad06/sangyo-rodo/rinsui/ringyo/keikaku/tiikisinnrinnkeikaku_40850.html
鹿児島県,150,阿久根市,2026-04-01,https://www.pref.kagoshima.jp/ad06/sangyo-rodo/rinsui/ringyo/keikaku/tiikisinnrinnkeikaku_40850.html
鹿児島県,150,出水市,2026-04-01,https://www.pref.kagoshima.jp/ad06/sangyo-rodo/rinsui/ringyo/keikaku/tiikisinnrinnkeikaku_40850.html
鹿児島県,150,伊佐市,2026-04-01,https://www.pref.kagoshima.jp/ad06/sangyo-rodo/rinsui/ringyo/keikaku/tiikisinnrinnkeikaku_40850.html
鹿児島県,150,薩摩郡,2026-04-01,https://www.pref.kagoshima.jp/ad06/sangyo-rodo/rinsui/ringyo/keikaku/tiikisinnrinnkeikaku_40850.html
鹿児島県,150,出水郡,2026-04-01,https://www.pref.kagoshima.jp/ad06/sangyo-rodo/rinsui/ringyo/keikaku/tiikisinnrinnkeikaku_40850.html
鹿児島県,151,霧島市,2026-04-01,https://www.pref.kagoshima.jp/ad06/sangyo-rodo/rinsui/ringyo/keikaku/tiikisinnrinnkeikaku_40850.html
鹿児島県,151,姶良市,2026-04-01,https://www.pref.kagoshima.jp/ad06/sangyo-rodo/rinsui/ringyo/keikaku/tiikisinnrinnkeikaku_40850.html
鹿児島県,151,姶良郡,2026-04-01,https://www.pref.kagoshima.jp/ad06/sangyo-rodo/rinsui/ringyo/keikaku/tiikisinnrinnkeikaku_40850.html
鹿児島県,152,鹿児島市,2026-04-01,https://www.pref.kagoshima.jp/ad06/sangyo-rodo/rinsui/ringyo/keikaku/tiikisinnrinnkeikaku_40850.html
鹿児島県,152,枕崎市,2026-04-01,https://www.pref.kagoshima.jp/ad06/sangyo-rodo/rinsui/ringyo/keikaku/tiikisinnrinnkeikaku_40850.html
鹿児島県,152,指宿市,2026-04-01,https://www.pref.kagoshima.jp/ad06/sangyo-rodo/rinsui/ringyo/keikaku/tiikisinnrinnkeikaku_40850.html
鹿児島県,152,日置市,2026-04-01,https://www.pref.kagoshima.jp/ad06/sangyo-rodo/rinsui/ringyo/keikaku/tiikisinnrinnkeikaku_40850.html
鹿児島県,152,いちき串木野市,2026-04-01,https://www.pref.kagoshima.jp/ad06/sangyo-rodo/rinsui/ringyo/keikaku/tiikisinnrinnkeikaku_40850.html
鹿児島県,152,南さつま市,2026-04-01,https://www.pref.kagoshima.jp/ad06/sangyo-rodo/rinsui/ringyo/keikaku/tiikisinnrinnkeikaku_40850.html
鹿児島県,152,南九州市,2026-04-01,https://www.pref.kagoshima.jp/ad06/sangyo-rodo/rinsui/ringyo/keikaku/tiikisinnrinnkeikaku_40850.html
鹿児島県,152,鹿児島郡,2026-04-01,https://www.pref.kagoshima.jp/ad06/sangyo-rodo/rinsui/ringyo/keikaku/tiikisinnrinnkeikaku_40850.html
鹿児島県,153,鹿屋市,2026-04-01,https://www.pref.kagoshima.jp/ad06/sangyo-rodo/rinsui/ringyo/keikaku/tiikisinnrinnkeikaku_40850.html
鹿児島県,153,垂水市,2026-04-01,https://www.pref.kagoshima.jp/ad06/sangyo-rodo/rinsui/ringyo/keikaku/tiikisinnrinnkeikaku_40850.html
鹿児島県,153,曽於市,2026-04-01,https://www.pref.kagoshima.jp/ad06/sangyo-rodo/rinsui/ringyo/keikaku/tiikisinnrinnkeikaku_40850.html
鹿児島県,153,志布志市,2026-04-01,https://www.pref.kagoshima.jp/ad06/sangyo-rodo/rinsui/ringyo/keikaku/tiikisinnrinnkeikaku_40850.html
鹿児島県,153,曽於郡,2026-04-01,https://www.pref.kagoshima.jp/ad06/sangyo-rodo/rinsui/ringyo/keikaku/tiikisinnrinnkeikaku_40850.html
鹿児島県,153,肝属郡,2026-04-01,https://www.pref.kagoshima.jp/ad06/sangyo-rodo/rinsui/ringyo/keikaku/tiikisinnrinnkeikaku_40850.html
鹿児島県,154,西之表市,2026-04-01,https://www.pref.kagoshima.jp/ad06/sangyo-rodo/rinsui/ringyo/keikaku/tiikisinnrinnkeikaku_40850.html
鹿児島県,154,熊毛郡,2026-04-01,https://www.pref.kagoshima.jp/ad06/sangyo-rodo/rinsui/ringyo/keikaku/tiikisinnrinnkeikaku_40850.html
鹿児島県,155,奄美市,2026-04-01,https://www.pref.kagoshima.jp/ad06/sangyo-rodo/rinsui/ringyo/keikaku/tiikisinnrinnkeikaku_40850.html
鹿児島県,155,大島郡,2026-04-01,https://www.pref.kagoshima.jp/ad06/sangyo-rodo/rinsui/ringyo/keikaku/tiikisinnrinnkeikaku_40850.html
