basin_code,basin_name,main_rivers,source_date,source_url
01,天塩川,天塩川、留萌川,2010-02-01,https://www.e-stat.go.jp/SG1/estat/Pdfdl.do?sinfid=000012449985
02,石狩川,石狩川,2010-02-01,https://www.e-stat.go.jp/SG1/estat/Pdfdl.do?sinfid=000012449985
03,網走・湧別川,網走川、湧別川、常呂川、渚滑川,2010-02-01,https://www.e-stat.go.jp/SG1/estat/Pdfdl.do?sinfid=000012449985
04,十勝・釧路川,十勝川、釧路川,2010-02-01,https://www.e-stat.go.jp/SG1/estat/Pdfdl.do?sinfid=000012449985
05,沙流川,鵡川、沙流川,2010-02-01,https://www.e-stat.go.jp/SG1/estat/Pdfdl.do?sinfid=000012449985
06,渡島・尻別川,尻別川、後志利別川,2010-02-01,https://www.e-stat.go.jp/SG1/estat/Pdfdl.do?sinfid=000012449985
07,岩木川,岩木川,2010-02-01,https://www.e-stat.go.jp/SG1/estat/Pdfdl.do?sinfid=000012449985
08,馬淵川,高瀬川、馬淵川,2010-02-01,https://www.e-stat.go.jp/SG1/estat/Pdfdl.do?sinfid=000012449985
09,閉伊川,小本川、久慈川、閉伊川,2010-02-01,https://www.e-stat.go.jp/SG1/estat/Pdfdl.do?sinfid=000012449985
10,北上川,北上川、鳴瀬川,2010-02-01,https://www.e-stat.go.jp/SG1/estat/Pdfdl.do?sinfid=000012449985
11,米代・雄物川,米代川、雄物川、子吉川,2010-02-01,https://www.e-stat.go.jp/SG1/estat/Pdfdl.do?sinfid=000012449985
12,最上川,最上川、赤川,2010-02-01,https://www.e-stat.go.jp/SG1/estat/Pdfdl.do?sinfid=000012449985
13,阿武隈川,阿武隈川、名取川,2010-02-01,https://www.e-stat.go.jp/SG1/estat/Pdfdl.do?sinfid=000012449985
14,阿賀野川,阿賀野川、荒川,2010-02-01,https://www.e-stat.go.jp/SG1/estat/Pdfdl.do?sinfid=000012449985
15,信濃川,信濃川、関川、姫川,2010-02-01,https://www.e-stat.go.jp/SG1/estat/Pdfdl.do?sinfid=000012449985
16,那珂川,久慈川、那珂川,2010-02-01,https://www.e-stat.go.jp/SG1/estat/Pdfdl.do?sinfid=000012449985
17,利根川,利根川、荒川、多摩川,2010-02-01,https://www.e-stat.go.jp/SG1/estat/Pdfdl.do?sinfid=000012449985
18,相模川,相模川、鶴見川,2010-02-01,https://www.e-stat.go.jp/SG1/estat/Pdfdl.do?sinfid=000012449985
19,富士川,富士川、安倍川、大井川、狩野川,2010-02-01,https://www.e-stat.go.jp/SG1/estat/Pdfdl.do?sinfid=000012449985
20,天竜川,天竜川、菊川,2010-02-01,https://www.e-stat.go.jp/SG1/estat/Pdfdl.do?sinfid=000012449985
21,神通・庄川,黒部川、庄川、神通川、常願寺川、小矢部川,2010-02-01,https://www.e-stat.go.jp/SG1/estat/Pdfdl.do?sinfid=000012449985
22,九頭竜川,手取川、九頭竜川、梯川,2010-02-01,https://www.e-stat.go.jp/SG1/estat/Pdfdl.do?sinfid=000012449985
23,木曽川,木曽川、庄内川、矢作川、豊川,2010-02-01,https://www.e-stat.go.jp/SG1/estat/Pdfdl.do?sinfid=000012449985
24,由良川,由良川、北川,2010-02-01,https://www.e-stat.go.jp/SG1/estat/Pdfdl.do?sinfid=000012449985
25,淀川,淀川、大和川,2010-02-01,https://www.e-stat.go.jp/SG1/estat/Pdfdl.do?sinfid=000012449985
26,宮川,雲出川、櫛田川、宮川、鈴鹿川,2010-02-01,https://www.e-stat.go.jp/SG1/estat/Pdfdl.do?sinfid=000012449985
27,熊野川,熊野川（新宮川）,2010-02-01,https://www.e-stat.go.jp/SG1/estat/Pdfdl.do?sinfid=000012449985
28,紀ノ川,紀ノ川,2010-02-01,https://www.e-stat.go.jp/SG1/estat/Pdfdl.do?sinfid=000012449985
29,加古川,揖保川、加古川,2010-02-01,https://www.e-stat.go.jp/SG1/estat/Pdfdl.do?sinfid=000012449985
30,高梁・吉井川,吉井川、高梁川、旭川,2010-02-01,https://www.e-stat.go.jp/SG1/estat/Pdfdl.do?sinfid=000012449985
31,円山・千代川,円山川、千代川、天神川、日野川,2010-02-01,https://www.e-stat.go.jp/SG1/estat/Pdfdl.do?sinfid=000012449985
32,江の川,江の川、斐伊川,2010-02-01,https://www.e-stat.go.jp/SG1/estat/Pdfdl.do?sinfid=000012449985
33,芦田・佐波川,芦田川、太田川、佐波川、小瀬川,2010-02-01,https://www.e-stat.go.jp/SG1/estat/Pdfdl.do?sinfid=000012449985
34,高津川,高津川,2010-02-01,https://www.e-stat.go.jp/SG1/estat/Pdfdl.do?sinfid=000012449985
35,重信・肱川,土器川、重信川、肱川,2010-02-01,https://www.e-stat.go.jp/SG1/estat/Pdfdl.do?sinfid=000012449985
36,吉野・仁淀川,吉野川、那賀川、仁淀川,2010-02-01,https://www.e-stat.go.jp/SG1/estat/Pdfdl.do?sinfid=000012449985
37,四万十川,物部川、四万十川,2010-02-01,https://www.e-stat.go.jp/SG1/estat/Pdfdl.do?sinfid=000012449985
38,遠賀・大野川,遠賀川、山国川、大野川、大分川、番匠川,2010-02-01,https://www.e-stat.go.jp/SG1/estat/Pdfdl.do?sinfid=000012449985
39,筑後川,筑後川、六角川、松浦川、矢部川、嘉瀬川,2010-02-01,https://www.e-stat.go.jp/SG1/estat/Pdfdl.do?sinfid=000012449985
40,本明川,本明川,2010-02-01,https://www.e-stat.go.jp/SG1/estat/Pdfdl.do?sinfid=000012449985
41,菊池・球磨川,菊池川、白川、緑川、球磨川,2010-02-01,https://www.e-stat.go.jp/SG1/estat/Pdfdl.do?sinfid=000012449985
42,大淀川,大淀川、五ヶ瀬川、小丸川,2010-02-01,https://www.e-stat.go.jp/SG1/estat/Pdfdl.do?sinfid=000012449985
43,川内・肝属川,川内川、肝属川,2010-02-01,https://www.e-stat.go.jp/SG1/estat/Pdfdl.do?sinfid=000012449985
44,沖縄,,2010-02-01,https://www.e-stat.go.jp/SG1/estat/Pdfdl.do?sinfid=000012449985
