district_code,district_name,prefecture_source,basin_code,basin_name,area_text,source_date,source_page,source_url,current_verification
001,渡島檜山,北海道,06,渡島・尻別川,＜渡島支庁管内＞函館市、北斗市、松前郡、上磯郡、亀田郡、茅部郡、山越郡、二海郡＜檜山支庁管内＞檜山郡、爾志郡、久遠郡、奥尻郡、瀬棚郡,2010-02-01,1,https://www.e-stat.go.jp/SG1/estat/Pdfdl.do?sinfid=000012449985,未確認
002,後志胆振,北海道,06,渡島・尻別川,＜後志支庁管内＞島牧郡、寿都郡、磯谷郡、虻田郡（豊浦町、洞爺湖町を除く）、岩内郡、古宇郡＜胆振支庁管内＞室蘭市、登別市、伊達市、虻田郡（豊浦町、洞爺湖町）、有珠郡,2010-02-01,1,https://www.e-stat.go.jp/SG1/estat/Pdfdl.do?sinfid=000012449985,未確認
003,胆振東部,北海道,05,沙流川,＜胆振支庁管内＞苫小牧市、白老郡、勇払郡（占冠村を除く）,2010-02-01,1,https://www.e-stat.go.jp/SG1/estat/Pdfdl.do?sinfid=000012449985,未確認
004,日高,北海道,05,沙流川,＜日高支庁管内＞沙流郡、新冠郡、日高郡、浦河郡、様似郡、幌泉郡,2010-02-01,1,https://www.e-stat.go.jp/SG1/estat/Pdfdl.do?sinfid=000012449985,未確認
005,石狩空知,北海道,02,石狩川,＜石狩支庁管内＞札幌市、江別市、千歳市、恵庭市、北広島市、石狩市、石狩郡＜後志支庁管内＞小樽市、積丹郡、古平郡、余市郡＜空知支庁管内＞夕張市、岩見沢市、美唄市、芦別市、赤平市、三笠市、滝川市、砂川市、歌志内市、深川市、空知郡（上富良野町、中富良野町、南富良野町を除く）、夕張郡、樺戸郡、雨竜郡,2010-02-01,1,https://www.e-stat.go.jp/SG1/estat/Pdfdl.do?sinfid=000012449985,未確認
006,上川南部,北海道,02,石狩川,＜上川支庁管内＞旭川市、富良野市、上川郡（和寒町、剣淵町、下川町、新得町、清水町を除く）、空知郡（上富良野町、中富良野町、南富良野町）、勇払郡（占冠村）,2010-02-01,1,https://www.e-stat.go.jp/SG1/estat/Pdfdl.do?sinfid=000012449985,未確認
007,上川北部,北海道,01,天塩川,＜上川支庁管内＞士別市、名寄市、上川郡（和寒町、剣淵町、下川町）、中川郡（美深町、音威子府村、中川町）,2010-02-01,1,https://www.e-stat.go.jp/SG1/estat/Pdfdl.do?sinfid=000012449985,未確認
008,留萌,北海道,01,天塩川,＜留萌支庁管内＞留萌市、増毛郡、留萌郡、苫前郡、天塩郡（豊富町を除く）,2010-02-01,1,https://www.e-stat.go.jp/SG1/estat/Pdfdl.do?sinfid=000012449985,未確認
009,宗谷,北海道,01,天塩川,＜宗谷支庁管内＞稚内市、宗谷郡、枝幸郡、天塩郡（豊富町）、礼文郡、利尻郡,2010-02-01,1,https://www.e-stat.go.jp/SG1/estat/Pdfdl.do?sinfid=000012449985,未確認
010,網走西部,北海道,03,網走・湧別川,＜網走支庁管内＞紋別市、紋別郡,2010-02-01,1,https://www.e-stat.go.jp/SG1/estat/Pdfdl.do?sinfid=000012449985,未確認
011,網走東部,北海道,03,網走・湧別川,＜網走支庁管内＞北見市、網走市、網走郡、斜里郡、常呂郡,2010-02-01,1,https://www.e-stat.go.jp/SG1/estat/Pdfdl.do?sinfid=000012449985,未確認
012,釧路根室,北海道,04,十勝・釧路川,＜釧路支庁管内＞釧路市、釧路郡、厚岸郡、川上郡、阿寒郡、白糠郡＜根室支庁管内＞根室市、野付郡、標津郡、目梨郡、色丹郡、国後郡、択捉郡、沙那郡、蘂取郡,2010-02-01,1,https://www.e-stat.go.jp/SG1/estat/Pdfdl.do?sinfid=000012449985,未確認
013,十勝,北海道,04,十勝・釧路川,＜十勝支庁管内＞帯広市、河東郡、上川郡（新得町、清水町）、河西郡、広尾郡、中川郡（美深町、音威子府村、中川町を除く）、足寄郡、十勝郡,2010-02-01,1,https://www.e-stat.go.jp/SG1/estat/Pdfdl.do?sinfid=000012449985,未確認
014,津軽,青森,07,岩木川,弘前市、黒石市、五所川原市、つがる市、平川市、西津軽郡、中津軽郡、南津軽郡、北津軽郡,2010-02-01,1,https://www.e-stat.go.jp/SG1/estat/Pdfdl.do?sinfid=000012449985,未確認
015,東青,青森,07,岩木川,青森市、東津軽郡,2010-02-01,1,https://www.e-stat.go.jp/SG1/estat/Pdfdl.do?sinfid=000012449985,未確認
016,下北,青森,08,馬淵川,むつ市、下北郡,2010-02-01,1,https://www.e-stat.go.jp/SG1/estat/Pdfdl.do?sinfid=000012449985,未確認
017,三八上北,青森,08,馬淵川,八戸市、十和田市、三沢市、上北郡、三戸郡,2010-02-01,1,https://www.e-stat.go.jp/SG1/estat/Pdfdl.do?sinfid=000012449985,未確認
018,馬淵川上流,岩手,08,馬淵川,二戸市、八幡平市、岩手郡（葛巻町）、九戸郡（軽米町、九戸村）、二戸郡,2010-02-01,1,https://www.e-stat.go.jp/SG1/estat/Pdfdl.do?sinfid=000012449985,未確認
019,久慈・閉伊川,岩手,09,閉伊川,宮古市、久慈市、下閉伊郡、九戸郡（軽米町、九戸村を除く）,2010-02-01,1,https://www.e-stat.go.jp/SG1/estat/Pdfdl.do?sinfid=000012449985,未確認
020,大槌・気仙川,岩手,09,閉伊川,大船渡市、陸前高田市、釜石市、気仙郡、上閉伊郡,2010-02-01,1,https://www.e-stat.go.jp/SG1/estat/Pdfdl.do?sinfid=000012449985,未確認
021,北上川上流,岩手,10,北上川,盛岡市、岩手郡（葛巻町を除く）、紫波郡,2010-02-01,1,https://www.e-stat.go.jp/SG1/estat/Pdfdl.do?sinfid=000012449985,未確認
022,北上川中流,岩手,10,北上川,花巻市、北上市、遠野市、一関市、奥州市、和賀郡、胆沢郡、西磐井郡、東磐井郡,2010-02-01,1,https://www.e-stat.go.jp/SG1/estat/Pdfdl.do?sinfid=000012449985,未確認
023,宮城北部,宮城,10,北上川,石巻市、気仙沼市、登米市、栗原市、東松島市、大崎市、黒川郡、加美郡、遠田郡、牡鹿郡、本吉郡,2010-02-01,1,https://www.e-stat.go.jp/SG1/estat/Pdfdl.do?sinfid=000012449985,未確認
024,宮城南部,宮城,13,阿武隈川,仙台市、塩竃市、白石市、名取市、角田市、多賀城市、岩沼市、刈田郡、柴田郡、伊具郡、亘理郡、宮城郡,2010-02-01,1,https://www.e-stat.go.jp/SG1/estat/Pdfdl.do?sinfid=000012449985,未確認
025,米代川,秋田,11,米代・雄物川,能代市、大館市、男鹿市、鹿角市、潟上市、北秋田市、鹿角郡、北秋田郡、山本郡、南秋田郡,2010-02-01,1,https://www.e-stat.go.jp/SG1/estat/Pdfdl.do?sinfid=000012449985,未確認
026,雄物川,秋田,11,米代・雄物川,秋田市、横手市、湯沢市、大仙市、仙北市、仙北郡、雄勝郡,2010-02-01,1,https://www.e-stat.go.jp/SG1/estat/Pdfdl.do?sinfid=000012449985,未確認
027,子吉川,秋田,11,米代・雄物川,由利本荘市、にかほ市,2010-02-01,1,https://www.e-stat.go.jp/SG1/estat/Pdfdl.do?sinfid=000012449985,未確認
028,庄内,山形,12,最上川,鶴岡市、酒田市、東田川郡、飽海郡,2010-02-01,1,https://www.e-stat.go.jp/SG1/estat/Pdfdl.do?sinfid=000012449985,未確認
029,最上村山,山形,12,最上川,山形市、新庄市、寒河江市、上山市、村山市、天童市、東根市、尾花沢市、東村山郡、西村山郡、北村山郡、最上郡,2010-02-01,1,https://www.e-stat.go.jp/SG1/estat/Pdfdl.do?sinfid=000012449985,未確認
030,置賜,山形,12,最上川,米沢市、長井市、南陽市、東置賜郡、西置賜郡,2010-02-01,1,https://www.e-stat.go.jp/SG1/estat/Pdfdl.do?sinfid=000012449985,未確認
031,磐城,福島,13,阿武隈川,いわき市、相馬市、南相馬市、双葉郡、相馬郡,2010-02-01,1,https://www.e-stat.go.jp/SG1/estat/Pdfdl.do?sinfid=000012449985,未確認
032,阿武隈川,福島,13,阿武隈川,福島市、郡山市、白河市、須賀川市、二本松市、伊達市、田村市、本宮市、伊達郡、安達郡、岩瀬郡、西白河郡、石川郡、田村郡,2010-02-01,1,https://www.e-stat.go.jp/SG1/estat/Pdfdl.do?sinfid=000012449985,未確認
033,会津,福島,14,阿賀野川,会津若松市、喜多方市、南会津郡、耶麻郡、河沼郡、大沼郡,2010-02-01,1,https://www.e-stat.go.jp/SG1/estat/Pdfdl.do?sinfid=000012449985,未確認
034,奥久慈,福島,16,那珂川,東白川郡,2010-02-01,2,https://www.e-stat.go.jp/SG1/estat/Pdfdl.do?sinfid=000012449985,未確認
035,八溝多賀,茨城,16,那珂川,日立市、常陸太田市、高萩市、北茨城市、常陸大宮市、久慈郡,2010-02-01,2,https://www.e-stat.go.jp/SG1/estat/Pdfdl.do?sinfid=000012449985,未確認
036,水戸那珂,茨城,16,那珂川,水戸市、笠間市、ひたちなか市、那珂市、東茨城郡、那珂郡,2010-02-01,2,https://www.e-stat.go.jp/SG1/estat/Pdfdl.do?sinfid=000012449985,未確認
037,霞ヶ浦,茨城,17,利根川,土浦市、古河市、石岡市、結城市、龍ケ崎市、下妻市、常総市、取手市、牛久市、つくば市、鹿嶋市、潮来市、守谷市、稲敷市、坂東市、筑西市、かすみがうら市、桜川市、神栖市、行方市、鉾田市、つくばみらい市、小美玉市、稲敷郡、結城郡、猿島郡、北相馬郡,2010-02-01,2,https://www.e-stat.go.jp/SG1/estat/Pdfdl.do?sinfid=000012449985,未確認
038,那珂川,栃木,16,那珂川,大田原市、矢板市、那須塩原市、さくら市、那須烏山市、芳賀郡（茂木町）、塩谷郡（塩谷町）、那須郡,2010-02-01,2,https://www.e-stat.go.jp/SG1/estat/Pdfdl.do?sinfid=000012449985,未確認
039,鬼怒川,栃木,17,利根川,宇都宮市、日光市、真岡市、河内郡、芳賀郡（茂木町を除く）、塩谷郡（塩谷町を除く）,2010-02-01,2,https://www.e-stat.go.jp/SG1/estat/Pdfdl.do?sinfid=000012449985,未確認
040,渡良瀬川,栃木,17,利根川,足利市、栃木市、佐野市、鹿沼市、小山市、下野市、上都賀郡、下都賀郡,2010-02-01,2,https://www.e-stat.go.jp/SG1/estat/Pdfdl.do?sinfid=000012449985,未確認
041,利根上流,群馬,17,利根川,沼田市、利根郡,2010-02-01,2,https://www.e-stat.go.jp/SG1/estat/Pdfdl.do?sinfid=000012449985,未確認
042,吾妻,群馬,17,利根川,吾妻郡,2010-02-01,2,https://www.e-stat.go.jp/SG1/estat/Pdfdl.do?sinfid=000012449985,未確認
043,利根下流,群馬,17,利根川,前橋市、桐生市、伊勢崎市、太田市、館林市、渋川市、みどり市、北群馬郡、佐波郡、邑楽郡,2010-02-01,2,https://www.e-stat.go.jp/SG1/estat/Pdfdl.do?sinfid=000012449985,未確認
044,西毛,群馬,17,利根川,高崎市、藤岡市、富岡市、安中市、多野郡、甘楽郡,2010-02-01,2,https://www.e-stat.go.jp/SG1/estat/Pdfdl.do?sinfid=000012449985,未確認
045,埼玉,埼玉,17,利根川,埼玉県,2010-02-01,2,https://www.e-stat.go.jp/SG1/estat/Pdfdl.do?sinfid=000012449985,未確認
046,千葉北部,千葉,17,利根川,千葉市、銚子市、市川市、船橋市、松戸市、野田市、茂原市、成田市、佐倉市、東金市、旭市、習志野市、柏市、市原市、流山市、八千代市、我孫子市、鎌ケ谷市、浦安市、四街道市、八街市、印西市、白井市、富里市、匝瑳市、香取市、山武市、印旛郡、香取郡、山武郡、長生郡,2010-02-01,2,https://www.e-stat.go.jp/SG1/estat/Pdfdl.do?sinfid=000012449985,未確認
047,千葉南部,千葉,17,利根川,館山市、木更津市、勝浦市、鴨川市、君津市、富津市、袖ケ浦市、南房総市、いすみ市、夷隅郡、安房郡,2010-02-01,2,https://www.e-stat.go.jp/SG1/estat/Pdfdl.do?sinfid=000012449985,未確認
048,多摩,東京,17,利根川,東京都特別区、八王子市、立川市、武蔵野市、三鷹市、青梅市、府中市、昭島市、調布市、町田市、小金井市、小平市、日野市、東村山市、国分寺市、国立市、福生市、狛江市、東大和市、清瀬市、東久留米市、武蔵村山市、多摩市、稲城市、羽村市、あきる野市、西東京市、西多摩郡,2010-02-01,2,https://www.e-stat.go.jp/SG1/estat/Pdfdl.do?sinfid=000012449985,未確認
049,伊豆諸島,東京,17,利根川,大島町、八丈町、利島村、新島本村、神津島村、三宅村、御蔵島村、青ヶ島村、小笠原村,2010-02-01,2,https://www.e-stat.go.jp/SG1/estat/Pdfdl.do?sinfid=000012449985,未確認
050,神奈川,神奈川,18,相模川,神奈川県,2010-02-01,2,https://www.e-stat.go.jp/SG1/estat/Pdfdl.do?sinfid=000012449985,未確認
051,下越,新潟,14,阿賀野川,新発田市、村上市、五泉市、阿賀野市、胎内市、北蒲原郡、東蒲原郡、岩船郡,2010-02-01,1,https://www.e-stat.go.jp/SG1/estat/Pdfdl.do?sinfid=000012449985,未確認
052,中越,新潟,15,信濃川,新潟市、長岡市、三条市、柏崎市、小千谷市、加茂市、十日町市、見附市、燕市、魚沼市、南魚沼市、西蒲原郡、南蒲原郡、三島郡、北魚沼郡、南魚沼郡、中魚沼郡、刈羽郡,2010-02-01,2,https://www.e-stat.go.jp/SG1/estat/Pdfdl.do?sinfid=000012449985,未確認
053,上越,新潟,15,信濃川,糸魚川市、妙高市、上越市,2010-02-01,2,https://www.e-stat.go.jp/SG1/estat/Pdfdl.do?sinfid=000012449985,未確認
054,佐渡,新潟,15,信濃川,佐渡市,2010-02-01,2,https://www.e-stat.go.jp/SG1/estat/Pdfdl.do?sinfid=000012449985,未確認
055,神通川,富山,21,神通・庄川,富山市、魚津市、滑川市、黒部市、中新川郡、下新川郡,2010-02-01,2,https://www.e-stat.go.jp/SG1/estat/Pdfdl.do?sinfid=000012449985,未確認
056,庄川,富山,21,神通・庄川,高岡市、氷見市、砺波市、小矢部市、南砺市、射水郡,2010-02-01,2,https://www.e-stat.go.jp/SG1/estat/Pdfdl.do?sinfid=000012449985,未確認
057,能登,石川,22,九頭竜川,七尾市、輪島市、珠洲市、羽咋市、かほく市、河北郡、羽咋郡、鹿島郡、鳳至郡,2010-02-01,2,https://www.e-stat.go.jp/SG1/estat/Pdfdl.do?sinfid=000012449985,未確認
058,加賀,石川,22,九頭竜川,金沢市、小松市、加賀市、白山市、能美市、能美郡、石川郡,2010-02-01,2,https://www.e-stat.go.jp/SG1/estat/Pdfdl.do?sinfid=000012449985,未確認
059,越前,福井,22,九頭竜川,福井市、大野市、勝山市、鯖江市、あわら市、越前市、坂井市、吉田郡、今立郡、南条郡、丹生郡,2010-02-01,2,https://www.e-stat.go.jp/SG1/estat/Pdfdl.do?sinfid=000012449985,未確認
060,若狭,福井,24,由良川,敦賀市、小浜市、三方郡、大飯郡、三方上中郡,2010-02-01,3,https://www.e-stat.go.jp/SG1/estat/Pdfdl.do?sinfid=000012449985,未確認
061,山梨東部,山梨,18,相模川,富士吉田市、都留市、大月市、上野原市、南都留郡、北都留郡,2010-02-01,2,https://www.e-stat.go.jp/SG1/estat/Pdfdl.do?sinfid=000012449985,未確認
062,富士川上流,山梨,19,富士川,甲府市、山梨市、韮崎市、南アルプス市、北杜市、甲斐市、笛吹市、甲州市、中央市、中巨摩郡,2010-02-01,2,https://www.e-stat.go.jp/SG1/estat/Pdfdl.do?sinfid=000012449985,未確認
063,富士川中流,山梨,19,富士川,西八代郡、南巨摩郡,2010-02-01,2,https://www.e-stat.go.jp/SG1/estat/Pdfdl.do?sinfid=000012449985,未確認
064,千曲川下流,長野,15,信濃川,長野市、須坂市、中野市、飯山市、千曲市、埴科郡、上高井郡、下高井郡、上水内郡、下水内郡,2010-02-01,2,https://www.e-stat.go.jp/SG1/estat/Pdfdl.do?sinfid=000012449985,未確認
065,中部山岳,長野,15,信濃川,松本市、大町市、塩尻市、安曇野市、東筑摩郡、北安曇郡,2010-02-01,2,https://www.e-stat.go.jp/SG1/estat/Pdfdl.do?sinfid=000012449985,未確認
066,千曲川上流,長野,15,信濃川,上田市、小諸市、佐久市、東御市、南佐久郡、北佐久郡、小県郡,2010-02-01,2,https://www.e-stat.go.jp/SG1/estat/Pdfdl.do?sinfid=000012449985,未確認
067,伊那谷,長野,20,天竜川,岡谷市、飯田市、諏訪市、伊那市、駒ケ根市、茅野市、諏訪郡、上伊那郡、下伊那郡,2010-02-01,2,https://www.e-stat.go.jp/SG1/estat/Pdfdl.do?sinfid=000012449985,未確認
068,木曽谷,長野,23,木曽川,木曽郡,2010-02-01,2,https://www.e-stat.go.jp/SG1/estat/Pdfdl.do?sinfid=000012449985,未確認
069,宮・庄川,岐阜,21,神通・庄川,高山市、飛騨市、大野郡,2010-02-01,2,https://www.e-stat.go.jp/SG1/estat/Pdfdl.do?sinfid=000012449985,未確認
070,飛騨川,岐阜,23,木曽川,美濃加茂市、下呂市、加茂郡,2010-02-01,2,https://www.e-stat.go.jp/SG1/estat/Pdfdl.do?sinfid=000012449985,未確認
071,長良川,岐阜,23,木曽川,岐阜市、関市、美濃市、羽島市、各務原市、山県市、郡上市、羽島郡,2010-02-01,2,https://www.e-stat.go.jp/SG1/estat/Pdfdl.do?sinfid=000012449985,未確認
072,揖斐川,岐阜,23,木曽川,大垣市、瑞穂市、本巣市、海津郡、養老郡、不破郡、安八郡、揖斐郡、本巣郡,2010-02-01,2,https://www.e-stat.go.jp/SG1/estat/Pdfdl.do?sinfid=000012449985,未確認
073,木曽川,岐阜,23,木曽川,多治見市、中津川市、瑞浪市、恵那市、土岐市、可児市、可児郡,2010-02-01,2,https://www.e-stat.go.jp/SG1/estat/Pdfdl.do?sinfid=000012449985,未確認
074,静岡,静岡,19,富士川,静岡市、島田市、焼津市、藤枝市、牧之原市、榛原郡,2010-02-01,2,https://www.e-stat.go.jp/SG1/estat/Pdfdl.do?sinfid=000012449985,未確認
075,富士,静岡,19,富士川,沼津市、三島市、富士宮市、富士市、御殿場市、裾野市、駿東郡、富士郡,2010-02-01,2,https://www.e-stat.go.jp/SG1/estat/Pdfdl.do?sinfid=000012449985,未確認
076,伊豆,静岡,19,富士川,熱海市、伊東市、下田市、伊豆市、伊豆の国市、賀茂郡、田方郡,2010-02-01,2,https://www.e-stat.go.jp/SG1/estat/Pdfdl.do?sinfid=000012449985,未確認
077,天竜,静岡,20,天竜川,浜松市、磐田市、掛川市、袋井市、湖西市、御前崎市、菊川市、周智郡、浜名郡,2010-02-01,2,https://www.e-stat.go.jp/SG1/estat/Pdfdl.do?sinfid=000012449985,未確認
078,尾張西三河,愛知,23,木曽川,名古屋市、岡崎市、一宮市、瀬戸市、半田市、春日井市、津島市、碧南市、刈谷市、豊田市、安城市、西尾市、犬山市、常滑市、江南市、小牧市、稲沢市、東海市、大府市、知多市、知立市、尾張旭市、高浜市、岩倉市、豊明市、日進市、愛西市、清須市、北名古屋市、弥富市、みよし市、愛知郡、西春日井郡、丹羽郡、海部郡、知多郡、幡豆郡、額田郡,2010-02-01,2,https://www.e-stat.go.jp/SG1/estat/Pdfdl.do?sinfid=000012449985,未確認
079,東三河,愛知,23,木曽川,豊橋市、豊川市、蒲郡市、新城市、田原市、北設楽郡,2010-02-01,2,https://www.e-stat.go.jp/SG1/estat/Pdfdl.do?sinfid=000012449985,未確認
080,伊賀,三重,25,淀川,伊賀市、名張市,2010-02-01,3,https://www.e-stat.go.jp/SG1/estat/Pdfdl.do?sinfid=000012449985,未確認
081,北伊勢,三重,26,宮川,津市、四日市市、桑名市、鈴鹿市、亀山市、いなべ市、桑名郡、員弁郡、三重郡,2010-02-01,3,https://www.e-stat.go.jp/SG1/estat/Pdfdl.do?sinfid=000012449985,未確認
082,南伊勢,三重,26,宮川,伊勢市、松阪市、鳥羽市、志摩市、多気郡、度会郡,2010-02-01,3,https://www.e-stat.go.jp/SG1/estat/Pdfdl.do?sinfid=000012449985,未確認
083,尾鷲熊野,三重,27,熊野川,尾鷲市、熊野市、北牟婁郡、南牟婁郡,2010-02-01,3,https://www.e-stat.go.jp/SG1/estat/Pdfdl.do?sinfid=000012449985,未確認
084,湖北,滋賀,25,淀川,彦根市、長浜市、高島市、米原市、愛知郡、犬上郡,2010-02-01,3,https://www.e-stat.go.jp/SG1/estat/Pdfdl.do?sinfid=000012449985,未確認
085,湖南,滋賀,25,淀川,大津市、近江八幡市、草津市、守山市、栗東市、甲賀市、野洲市、湖南市、東近江市、蒲生郡,2010-02-01,3,https://www.e-stat.go.jp/SG1/estat/Pdfdl.do?sinfid=000012449985,未確認
086,由良川,京都,24,由良川,福知山市、舞鶴市、綾部市、宮津市、京丹後市、船井郡、与謝郡,2010-02-01,3,https://www.e-stat.go.jp/SG1/estat/Pdfdl.do?sinfid=000012449985,未確認
087,淀川上流,京都,25,淀川,京都市、宇治市、亀岡市、城陽市、向日市、長岡京市、八幡市、京田辺市、南丹市、木津川市、乙訓郡、久世郡、綴喜郡、相楽郡,2010-02-01,3,https://www.e-stat.go.jp/SG1/estat/Pdfdl.do?sinfid=000012449985,未確認
088,大阪,大阪,25,淀川,大阪府,2010-02-01,3,https://www.e-stat.go.jp/SG1/estat/Pdfdl.do?sinfid=000012449985,未確認
089,加古川,兵庫,29,加古川,神戸市、尼崎市、明石市、西宮市、洲本市、芦屋市、伊丹市、加古川市、西脇市、宝塚市、三木市、高砂市、川西市、小野市、三田市、加西市、篠山市、丹波市、南あわじ市、淡路市、加東市、川辺郡、多可郡、加古郡,2010-02-01,3,https://www.e-stat.go.jp/SG1/estat/Pdfdl.do?sinfid=000012449985,未確認
090,揖保川,兵庫,29,加古川,姫路市、相生市、赤穂市、宍粟市、たつの市、神崎郡、揖保郡、赤穂郡、佐用郡,2010-02-01,3,https://www.e-stat.go.jp/SG1/estat/Pdfdl.do?sinfid=000012449985,未確認
091,円山川,兵庫,31,円山・千代川,豊岡市、養父市、朝来市、美方郡,2010-02-01,3,https://www.e-stat.go.jp/SG1/estat/Pdfdl.do?sinfid=000012449985,未確認
092,大和・木津川,奈良,25,淀川,奈良市、大和高田市、大和郡山市、天理市、橿原市、桜井市、御所市、生駒市、香芝市、葛城市、宇陀市、山辺郡、生駒郡、磯城郡、宇陀郡、高市郡、北葛城郡,2010-02-01,3,https://www.e-stat.go.jp/SG1/estat/Pdfdl.do?sinfid=000012449985,未確認
093,北山・十津川,奈良,27,熊野川,吉野郡（天川村、野迫川村、十津川村、下北山村、上北山村）,2010-02-01,3,https://www.e-stat.go.jp/SG1/estat/Pdfdl.do?sinfid=000012449985,未確認
094,吉野,奈良,28,紀ノ川,五條市、吉野郡（天川村、野迫川村、十津川村、下北山村、上北山村を除く）,2010-02-01,3,https://www.e-stat.go.jp/SG1/estat/Pdfdl.do?sinfid=000012449985,未確認
095,紀南,和歌山,27,熊野川,田辺市、新宮市、西牟婁郡、東牟婁郡,2010-02-01,3,https://www.e-stat.go.jp/SG1/estat/Pdfdl.do?sinfid=000012449985,未確認
096,紀北,和歌山,28,紀ノ川,和歌山市、海南市、橋本市、紀の川市、岩出市、海草郡、伊都郡,2010-02-01,3,https://www.e-stat.go.jp/SG1/estat/Pdfdl.do?sinfid=000012449985,未確認
097,紀中,和歌山,28,紀ノ川,有田市、御坊市、有田郡、日高郡,2010-02-01,3,https://www.e-stat.go.jp/SG1/estat/Pdfdl.do?sinfid=000012449985,未確認
098,日野川,鳥取,31,円山・千代川,米子市、境港市、西伯郡、日野郡,2010-02-01,3,https://www.e-stat.go.jp/SG1/estat/Pdfdl.do?sinfid=000012449985,未確認
099,天神川,鳥取,31,円山・千代川,倉吉市、東伯郡,2010-02-01,3,https://www.e-stat.go.jp/SG1/estat/Pdfdl.do?sinfid=000012449985,未確認
100,千代川,鳥取,31,円山・千代川,鳥取市、岩美郡、八頭郡,2010-02-01,3,https://www.e-stat.go.jp/SG1/estat/Pdfdl.do?sinfid=000012449985,未確認
101,江の川下流,島根,32,江の川,浜田市、大田市、江津市、邑智郡,2010-02-01,3,https://www.e-stat.go.jp/SG1/estat/Pdfdl.do?sinfid=000012449985,未確認
102,斐伊川,島根,32,江の川,松江市、出雲市、安来市、雲南市、八束郡、仁多郡、飯石郡、簸川郡,2010-02-01,3,https://www.e-stat.go.jp/SG1/estat/Pdfdl.do?sinfid=000012449985,未確認
103,隠岐,島根,32,江の川,隠岐郡,2010-02-01,3,https://www.e-stat.go.jp/SG1/estat/Pdfdl.do?sinfid=000012449985,未確認
104,高津川,島根,34,高津川,益田市、鹿足郡,2010-02-01,3,https://www.e-stat.go.jp/SG1/estat/Pdfdl.do?sinfid=000012449985,未確認
105,高梁川下流,岡山,30,高梁・吉井川,倉敷市、笠岡市、井原市、総社市、高梁市、新見市、浅口市、都窪郡、浅口郡、小田郡,2010-02-01,3,https://www.e-stat.go.jp/SG1/estat/Pdfdl.do?sinfid=000012449985,未確認
106,旭川,岡山,30,高梁・吉井川,岡山市、玉野市、真庭市、真庭郡、加賀郡、久米郡（久米南町）,2010-02-01,3,https://www.e-stat.go.jp/SG1/estat/Pdfdl.do?sinfid=000012449985,未確認
107,吉井川,岡山,30,高梁・吉井川,津山市、備前市、瀬戸内市、赤磐市、美作市、和気郡、苫田郡、勝田郡、英田郡、久米郡（久米南町を除く）,2010-02-01,3,https://www.e-stat.go.jp/SG1/estat/Pdfdl.do?sinfid=000012449985,未確認
108,高梁川上流,広島,30,高梁・吉井川,神石郡,2010-02-01,3,https://www.e-stat.go.jp/SG1/estat/Pdfdl.do?sinfid=000012449985,未確認
109,江の川上流,広島,32,江の川,三次市、庄原市、安芸高田市,2010-02-01,3,https://www.e-stat.go.jp/SG1/estat/Pdfdl.do?sinfid=000012449985,未確認
110,太田川,広島,33,芦田・佐波川,広島市、大竹市、廿日市市、安芸郡、山県郡,2010-02-01,3,https://www.e-stat.go.jp/SG1/estat/Pdfdl.do?sinfid=000012449985,未確認
111,瀬戸内,広島,33,芦田・佐波川,呉市、竹原市、三原市、尾道市、福山市、府中市、東広島市、江田島市、豊田郡、世羅郡,2010-02-01,3,https://www.e-stat.go.jp/SG1/estat/Pdfdl.do?sinfid=000012449985,未確認
112,山口,山口,33,芦田・佐波川,宇部市、山口市、防府市、美祢市、山陽小野田市,2010-02-01,3,https://www.e-stat.go.jp/SG1/estat/Pdfdl.do?sinfid=000012449985,未確認
113,岩徳,山口,33,芦田・佐波川,下松市、岩国市、光市、柳井市、周南市、大島郡、玖珂郡、熊毛郡,2010-02-01,3,https://www.e-stat.go.jp/SG1/estat/Pdfdl.do?sinfid=000012449985,未確認
114,豊田,山口,34,高津川,下関市、長門市,2010-02-01,3,https://www.e-stat.go.jp/SG1/estat/Pdfdl.do?sinfid=000012449985,未確認
115,萩,山口,34,高津川,萩市、阿武郡,2010-02-01,3,https://www.e-stat.go.jp/SG1/estat/Pdfdl.do?sinfid=000012449985,未確認
116,吉野川,徳島,36,吉野・仁淀川,徳島市、鳴門市、小松島市、吉野川市、美馬市、阿波市、三好市、勝浦郡、名東郡、名西郡、板野郡、美馬郡、三好郡,2010-02-01,3,https://www.e-stat.go.jp/SG1/estat/Pdfdl.do?sinfid=000012449985,未確認
117,那賀・海部川,徳島,36,吉野・仁淀川,阿南市、那賀郡、海部郡,2010-02-01,3,https://www.e-stat.go.jp/SG1/estat/Pdfdl.do?sinfid=000012449985,未確認
118,香川,香川,35,重信・肱川,香川県,2010-02-01,3,https://www.e-stat.go.jp/SG1/estat/Pdfdl.do?sinfid=000012449985,未確認
119,今治松山,愛媛,35,重信・肱川,松山市、今治市、伊予市、東温市、越智郡、伊予郡,2010-02-01,3,https://www.e-stat.go.jp/SG1/estat/Pdfdl.do?sinfid=000012449985,未確認
120,東予,愛媛,35,重信・肱川,新居浜市、西条市、四国中央市,2010-02-01,3,https://www.e-stat.go.jp/SG1/estat/Pdfdl.do?sinfid=000012449985,未確認
121,肱川,愛媛,35,重信・肱川,八幡浜市、大洲市、西予市、喜多郡、西宇和郡,2010-02-01,3,https://www.e-stat.go.jp/SG1/estat/Pdfdl.do?sinfid=000012449985,未確認
122,中予山岳,愛媛,36,吉野・仁淀川,上浮穴郡,2010-02-01,3,https://www.e-stat.go.jp/SG1/estat/Pdfdl.do?sinfid=000012449985,未確認
123,南予,愛媛,37,四万十川,宇和島市、北宇和郡、南宇和郡,2010-02-01,3,https://www.e-stat.go.jp/SG1/estat/Pdfdl.do?sinfid=000012449985,未確認
124,嶺北仁淀,高知,36,吉野・仁淀川,土佐市、長岡郡、土佐郡、吾川郡、高岡郡（佐川町、越知町、日高村）,2010-02-01,3,https://www.e-stat.go.jp/SG1/estat/Pdfdl.do?sinfid=000012449985,未確認
125,四万十川,高知,37,四万十川,須崎市、宿毛市、土佐清水市、四万十市、高岡郡（佐川町、越知町、日高村を除く）、幡多郡,2010-02-01,3,https://www.e-stat.go.jp/SG1/estat/Pdfdl.do?sinfid=000012449985,未確認
126,高知,高知,36,吉野・仁淀川,高知市、南国市、香南市、香美郡,2010-02-01,3,https://www.e-stat.go.jp/SG1/estat/Pdfdl.do?sinfid=000012449985,未確認
127,安芸,高知,36,吉野・仁淀川,室戸市、安芸市、安芸郡,2010-02-01,3,https://www.e-stat.go.jp/SG1/estat/Pdfdl.do?sinfid=000012449985,未確認
128,遠賀川,福岡,38,遠賀・大野川,北九州市、直方市、飯塚市、田川市、行橋市、豊前市、中間市、宮若市、嘉麻市、遠賀郡、鞍手郡、嘉穂郡、田川郡、京都郡、築上郡,2010-02-01,3,https://www.e-stat.go.jp/SG1/estat/Pdfdl.do?sinfid=000012449985,未確認
129,福岡,福岡,39,筑後川,福岡市、筑紫野市、春日市、大野城市、宗像市、太宰府市、古賀市、福津市、糸島市、筑紫郡、糟屋郡,2010-02-01,4,https://www.e-stat.go.jp/SG1/estat/Pdfdl.do?sinfid=000012449985,未確認
130,筑後・矢部川,福岡,39,筑後川,大牟田市、久留米市、柳川市、八女市、筑後市、大川市、小郡市、うきは市、朝倉市、みやま市、朝倉郡、三井郡、三潴郡、八女郡,2010-02-01,4,https://www.e-stat.go.jp/SG1/estat/Pdfdl.do?sinfid=000012449985,未確認
131,佐賀東部,佐賀,39,筑後川,佐賀市、鳥栖市、多久市、武雄市、鹿島市、小城市、嬉野市、神埼市、神埼郡、三養基郡、杵島郡、藤津郡,2010-02-01,4,https://www.e-stat.go.jp/SG1/estat/Pdfdl.do?sinfid=000012449985,未確認
132,佐賀西部,佐賀,39,筑後川,唐津市、伊万里市、東松浦郡、西松浦郡,2010-02-01,4,https://www.e-stat.go.jp/SG1/estat/Pdfdl.do?sinfid=000012449985,未確認
133,長崎北部,長崎,40,本明川,佐世保市、平戸市、松浦市、東彼杵郡、北松浦郡,2010-02-01,4,https://www.e-stat.go.jp/SG1/estat/Pdfdl.do?sinfid=000012449985,未確認
134,長崎南部,長崎,40,本明川,長崎市、島原市、諫早市、大村市、西海市、雲仙市、南島原市、西彼杵郡,2010-02-01,4,https://www.e-stat.go.jp/SG1/estat/Pdfdl.do?sinfid=000012449985,未確認
135,五島壱岐,長崎,40,本明川,壱岐市、五島市、南松浦郡,2010-02-01,4,https://www.e-stat.go.jp/SG1/estat/Pdfdl.do?sinfid=000012449985,未確認
136,対馬,長崎,40,本明川,対馬市,2010-02-01,4,https://www.e-stat.go.jp/SG1/estat/Pdfdl.do?sinfid=000012449985,未確認
137,白川・菊池川,熊本,41,菊池・球磨川,熊本市、荒尾市、玉名市、山鹿市、菊池市、阿蘇市、合志市、玉名郡、鹿本郡、菊池郡、阿蘇郡,2010-02-01,4,https://www.e-stat.go.jp/SG1/estat/Pdfdl.do?sinfid=000012449985,未確認
138,緑川,熊本,41,菊池・球磨川,宇土市、宇城市、下益城郡、上益城郡,2010-02-01,4,https://www.e-stat.go.jp/SG1/estat/Pdfdl.do?sinfid=000012449985,未確認
139,球磨川,熊本,41,菊池・球磨川,八代市、人吉市、水俣市、八代郡、芦北郡、球磨郡,2010-02-01,4,https://www.e-stat.go.jp/SG1/estat/Pdfdl.do?sinfid=000012449985,未確認
140,天草,熊本,41,菊池・球磨川,上天草市、天草市、天草郡,2010-02-01,4,https://www.e-stat.go.jp/SG1/estat/Pdfdl.do?sinfid=000012449985,未確認
141,大分北部,大分,38,遠賀・大野川,別府市、中津市、豊後高田市、杵築市、宇佐市、国東市、東国東郡、速見郡,2010-02-01,3,https://www.e-stat.go.jp/SG1/estat/Pdfdl.do?sinfid=000012449985,未確認
142,大分中部,大分,38,遠賀・大野川,大分市、臼杵市、津久見市、竹田市、豊後大野市、由布市,2010-02-01,3,https://www.e-stat.go.jp/SG1/estat/Pdfdl.do?sinfid=000012449985,未確認
143,大分南部,大分,38,遠賀・大野川,佐伯市,2010-02-01,3,https://www.e-stat.go.jp/SG1/estat/Pdfdl.do?sinfid=000012449985,未確認
144,大分西部,大分,39,筑後川,日田市、玖珠郡,2010-02-01,4,https://www.e-stat.go.jp/SG1/estat/Pdfdl.do?sinfid=000012449985,未確認
145,五ヶ瀬川,宮崎,42,大淀川,延岡市、西臼杵郡,2010-02-01,4,https://www.e-stat.go.jp/SG1/estat/Pdfdl.do?sinfid=000012449985,未確認
146,耳川,宮崎,42,大淀川,日向市、東臼杵郡,2010-02-01,4,https://www.e-stat.go.jp/SG1/estat/Pdfdl.do?sinfid=000012449985,未確認
147,一ツ瀬川,宮崎,42,大淀川,西都市、児湯郡,2010-02-01,4,https://www.e-stat.go.jp/SG1/estat/Pdfdl.do?sinfid=000012449985,未確認
148,大淀川,宮崎,42,大淀川,宮崎市、都城市、小林市、えびの市、宮崎郡、北諸県郡、西諸県郡、東諸県郡,2010-02-01,4,https://www.e-stat.go.jp/SG1/estat/Pdfdl.do?sinfid=000012449985,未確認
149,広渡川,宮崎,42,大淀川,日南市、串間市,2010-02-01,4,https://www.e-stat.go.jp/SG1/estat/Pdfdl.do?sinfid=000012449985,未確認
150,北薩,鹿児島,43,川内・肝属川,阿久根市、出水市、薩摩川内市、伊佐市、薩摩郡、出水郡,2010-02-01,4,https://www.e-stat.go.jp/SG1/estat/Pdfdl.do?sinfid=000012449985,未確認
151,姶良,鹿児島,43,川内・肝属川,霧島市、姶良郡,2010-02-01,4,https://www.e-stat.go.jp/SG1/estat/Pdfdl.do?sinfid=000012449985,未確認
152,南薩,鹿児島,43,川内・肝属川,鹿児島市、枕崎市、指宿市、日置市、いちき串木野市、南さつま市、南九州市、鹿児島郡,2010-02-01,4,https://www.e-stat.go.jp/SG1/estat/Pdfdl.do?sinfid=000012449985,未確認
153,大隅,鹿児島,43,川内・肝属川,鹿屋市、垂水市、曽於市、志布志市、曽於郡、肝属郡,2010-02-01,4,https://www.e-stat.go.jp/SG1/estat/Pdfdl.do?sinfid=000012449985,未確認
154,熊毛,鹿児島,43,川内・肝属川,西之表市、熊毛郡,2010-02-01,4,https://www.e-stat.go.jp/SG1/estat/Pdfdl.do?sinfid=000012449985,未確認
155,奄美大島,鹿児島,43,川内・肝属川,奄美市、大島郡,2010-02-01,4,https://www.e-stat.go.jp/SG1/estat/Pdfdl.do?sinfid=000012449985,未確認
156,沖縄北部,沖縄,44,沖縄,名護市、国頭郡、島尻郡（伊平屋村、伊是名村）,2010-02-01,4,https://www.e-stat.go.jp/SG1/estat/Pdfdl.do?sinfid=000012449985,未確認
157,沖縄中南部,沖縄,44,沖縄,那覇市、宜野湾市、浦添市、糸満市、沖縄市、豊見城市、うるま市、南城市、中頭郡、島尻郡（伊平屋村、伊是名村を除く）,2010-02-01,4,https://www.e-stat.go.jp/SG1/estat/Pdfdl.do?sinfid=000012449985,未確認
158,宮古八重山,沖縄,44,沖縄,石垣市、宮古島市、宮古郡、八重山郡,2010-02-01,4,https://www.e-stat.go.jp/SG1/estat/Pdfdl.do?sinfid=000012449985,未確認
