prefecture,municipality_code,candidate_name,candidate_district_code,candidate_district_name,candidate_basin_name,forest_district_code,forest_district_name,forest_basin_name,forest_features,status
北海道,01100,,,,,004,石狩空知,石狩川,725,対応表にコードなし
北海道,01100,,,,,04,石狩空知,石狩川,186,対応表にコードなし
北海道,01202,函館市,001,渡島檜山,渡島・尻別川,013,渡島檜山,渡島・尻別川,6,名称一致・計画区コード体系相違
北海道,01202,函館市,001,渡島檜山,渡島・尻別川,13,渡島檜山,渡島・尻別川,353,名称一致・計画区コード体系相違
北海道,01203,小樽市,005,石狩空知,石狩川,004,石狩空知,石狩川,84,名称一致・計画区コード体系相違
北海道,01203,小樽市,005,石狩空知,石狩川,04,石狩空知,石狩川,87,名称一致・計画区コード体系相違
北海道,01204,旭川市,006,上川南部,石狩川,005,上川南部,石狩川,144,名称一致・計画区コード体系相違
北海道,01204,旭川市,006,上川南部,石狩川,05,上川南部,石狩川,116,名称一致・計画区コード体系相違
北海道,01205,室蘭市,002,後志胆振,渡島・尻別川,012,後志胆振,渡島・尻別川,10,名称一致・計画区コード体系相違
北海道,01205,室蘭市,002,後志胆振,渡島・尻別川,12,後志胆振,渡島・尻別川,20,名称一致・計画区コード体系相違
北海道,01206,釧路市,012,釧路根室,十勝・釧路川,008,釧路根室,十勝・釧路川,161,名称一致・計画区コード体系相違
北海道,01206,釧路市,012,釧路根室,十勝・釧路川,08,釧路根室,十勝・釧路川,534,名称一致・計画区コード体系相違
北海道,01207,帯広市,013,十勝,十勝・釧路川,009,十勝,十勝・釧路川,54,名称一致・計画区コード体系相違
北海道,01207,帯広市,013,十勝,十勝・釧路川,09,十勝,十勝・釧路川,68,名称一致・計画区コード体系相違
北海道,01208,北見市,011,網走東部,網走・湧別川,007,網走東部,網走・湧別川,242,名称一致・計画区コード体系相違
北海道,01208,北見市,011,網走東部,網走・湧別川,07,網走東部,網走・湧別川,274,名称一致・計画区コード体系相違
北海道,01209,夕張市,005,石狩空知,石狩川,004,石狩空知,石狩川,654,名称一致・計画区コード体系相違
北海道,01209,夕張市,005,石狩空知,石狩川,04,石狩空知,石狩川,63,名称一致・計画区コード体系相違
北海道,01210,岩見沢市,005,石狩空知,石狩川,004,石狩空知,石狩川,20,名称一致・計画区コード体系相違
北海道,01210,岩見沢市,005,石狩空知,石狩川,04,石狩空知,石狩川,117,名称一致・計画区コード体系相違
北海道,01211,網走市,011,網走東部,網走・湧別川,007,網走東部,網走・湧別川,30,名称一致・計画区コード体系相違
北海道,01211,網走市,011,網走東部,網走・湧別川,07,網走東部,網走・湧別川,112,名称一致・計画区コード体系相違
北海道,01212,留萌市,008,留萌,天塩川,001,留萌,天塩川,111,名称一致・計画区コード体系相違
北海道,01212,留萌市,008,留萌,天塩川,01,留萌,天塩川,77,名称一致・計画区コード体系相違
北海道,01213,苫小牧市,003,胆振東部,沙流川,010,胆振東部,沙流川,430,名称一致・計画区コード体系相違
北海道,01213,苫小牧市,003,胆振東部,沙流川,10,胆振東部,沙流川,216,名称一致・計画区コード体系相違
北海道,01214,稚内市,009,宗谷,天塩川,003,宗谷,天塩川,100,名称一致・計画区コード体系相違
北海道,01214,稚内市,009,宗谷,天塩川,03,宗谷,天塩川,255,名称一致・計画区コード体系相違
北海道,01215,美唄市,005,石狩空知,石狩川,004,石狩空知,石狩川,19,名称一致・計画区コード体系相違
北海道,01215,美唄市,005,石狩空知,石狩川,04,石狩空知,石狩川,103,名称一致・計画区コード体系相違
北海道,01216,芦別市,005,石狩空知,石狩川,004,石狩空知,石狩川,843,名称一致・計画区コード体系相違
北海道,01216,芦別市,005,石狩空知,石狩川,04,石狩空知,石狩川,90,名称一致・計画区コード体系相違
北海道,01217,江別市,005,石狩空知,石狩川,004,石狩空知,石狩川,28,名称一致・計画区コード体系相違
北海道,01217,江別市,005,石狩空知,石狩川,04,石狩空知,石狩川,11,名称一致・計画区コード体系相違
北海道,01218,赤平市,005,石狩空知,石狩川,004,石狩空知,石狩川,32,名称一致・計画区コード体系相違
北海道,01218,赤平市,005,石狩空知,石狩川,04,石狩空知,石狩川,72,名称一致・計画区コード体系相違
北海道,01219,紋別市,010,網走西部,網走・湧別川,006,網走西部,網走・湧別川,115,名称一致・計画区コード体系相違
北海道,01219,紋別市,010,網走西部,網走・湧別川,06,網走西部,網走・湧別川,413,名称一致・計画区コード体系相違
北海道,01220,士別市,007,上川北部,天塩川,002,上川北部,天塩川,292,名称一致・計画区コード体系相違
北海道,01220,士別市,007,上川北部,天塩川,02,上川北部,天塩川,213,名称一致・計画区コード体系相違
北海道,01221,名寄市,007,上川北部,天塩川,002,上川北部,天塩川,54,名称一致・計画区コード体系相違
北海道,01221,名寄市,007,上川北部,天塩川,02,上川北部,天塩川,166,名称一致・計画区コード体系相違
北海道,01222,三笠市,005,石狩空知,石狩川,004,石狩空知,石狩川,259,名称一致・計画区コード体系相違
北海道,01222,三笠市,005,石狩空知,石狩川,04,石狩空知,石狩川,63,名称一致・計画区コード体系相違
北海道,01223,根室市,012,釧路根室,十勝・釧路川,008,釧路根室,十勝・釧路川,40,名称一致・計画区コード体系相違
北海道,01223,根室市,012,釧路根室,十勝・釧路川,08,釧路根室,十勝・釧路川,118,名称一致・計画区コード体系相違
北海道,01224,千歳市,005,石狩空知,石狩川,004,石狩空知,石狩川,439,名称一致・計画区コード体系相違
北海道,01224,千歳市,005,石狩空知,石狩川,04,石狩空知,石狩川,79,名称一致・計画区コード体系相違
北海道,01225,滝川市,005,石狩空知,石狩川,04,石狩空知,石狩川,11,名称一致・計画区コード体系相違
北海道,01226,砂川市,005,石狩空知,石狩川,04,石狩空知,石狩川,53,名称一致・計画区コード体系相違
北海道,01227,歌志内市,005,石狩空知,石狩川,04,石狩空知,石狩川,45,名称一致・計画区コード体系相違
北海道,01228,深川市,005,石狩空知,石狩川,004,石狩空知,石狩川,81,名称一致・計画区コード体系相違
北海道,01228,深川市,005,石狩空知,石狩川,04,石狩空知,石狩川,173,名称一致・計画区コード体系相違
北海道,01229,富良野市,006,上川南部,石狩川,005,上川南部,石狩川,85,名称一致・計画区コード体系相違
北海道,01229,富良野市,006,上川南部,石狩川,05,上川南部,石狩川,174,名称一致・計画区コード体系相違
北海道,01230,登別市,002,後志胆振,渡島・尻別川,012,後志胆振,渡島・尻別川,177,名称一致・計画区コード体系相違
北海道,01230,登別市,002,後志胆振,渡島・尻別川,12,後志胆振,渡島・尻別川,34,名称一致・計画区コード体系相違
北海道,01231,恵庭市,005,石狩空知,石狩川,004,石狩空知,石狩川,202,名称一致・計画区コード体系相違
北海道,01231,恵庭市,005,石狩空知,石狩川,04,石狩空知,石狩川,20,名称一致・計画区コード体系相違
北海道,01233,伊達市,002,後志胆振,渡島・尻別川,012,後志胆振,渡島・尻別川,238,名称一致・計画区コード体系相違
北海道,01233,伊達市,002,後志胆振,渡島・尻別川,12,後志胆振,渡島・尻別川,126,名称一致・計画区コード体系相違
北海道,01234,北広島市,005,石狩空知,石狩川,004,石狩空知,石狩川,12,名称一致・計画区コード体系相違
北海道,01234,北広島市,005,石狩空知,石狩川,04,石狩空知,石狩川,72,名称一致・計画区コード体系相違
北海道,01235,石狩市,005,石狩空知,石狩川,004,石狩空知,石狩川,259,名称一致・計画区コード体系相違
北海道,01235,石狩市,005,石狩空知,石狩川,04,石狩空知,石狩川,137,名称一致・計画区コード体系相違
北海道,01236,北斗市,001,渡島檜山,渡島・尻別川,013,渡島檜山,渡島・尻別川,342,名称一致・計画区コード体系相違
北海道,01236,北斗市,001,渡島檜山,渡島・尻別川,13,渡島檜山,渡島・尻別川,145,名称一致・計画区コード体系相違
北海道,01303,当別町,005,石狩空知,石狩川,004,石狩空知,石狩川,27,名称一致・計画区コード体系相違
北海道,01303,当別町,005,石狩空知,石狩川,04,石狩空知,石狩川,207,名称一致・計画区コード体系相違
北海道,01304,新篠津村,005,石狩空知,石狩川,004,石狩空知,石狩川,3,名称一致・計画区コード体系相違
北海道,01304,新篠津村,005,石狩空知,石狩川,04,石狩空知,石狩川,2,名称一致・計画区コード体系相違
北海道,01331,松前町,001,渡島檜山,渡島・尻別川,13,渡島檜山,渡島・尻別川,145,名称一致・計画区コード体系相違
北海道,01332,福島町,001,渡島檜山,渡島・尻別川,013,渡島檜山,渡島・尻別川,115,名称一致・計画区コード体系相違
北海道,01332,福島町,001,渡島檜山,渡島・尻別川,13,渡島檜山,渡島・尻別川,75,名称一致・計画区コード体系相違
北海道,01333,知内町,001,渡島檜山,渡島・尻別川,013,渡島檜山,渡島・尻別川,160,名称一致・計画区コード体系相違
北海道,01333,知内町,001,渡島檜山,渡島・尻別川,13,渡島檜山,渡島・尻別川,93,名称一致・計画区コード体系相違
北海道,01334,木古内町,001,渡島檜山,渡島・尻別川,013,渡島檜山,渡島・尻別川,220,名称一致・計画区コード体系相違
北海道,01334,木古内町,001,渡島檜山,渡島・尻別川,13,渡島檜山,渡島・尻別川,140,名称一致・計画区コード体系相違
北海道,01337,七飯町,001,渡島檜山,渡島・尻別川,013,渡島檜山,渡島・尻別川,55,名称一致・計画区コード体系相違
北海道,01337,七飯町,001,渡島檜山,渡島・尻別川,13,渡島檜山,渡島・尻別川,84,名称一致・計画区コード体系相違
北海道,01343,鹿部町,001,渡島檜山,渡島・尻別川,013,渡島檜山,渡島・尻別川,2,名称一致・計画区コード体系相違
北海道,01343,鹿部町,001,渡島檜山,渡島・尻別川,13,渡島檜山,渡島・尻別川,56,名称一致・計画区コード体系相違
北海道,01345,森町,001,渡島檜山,渡島・尻別川,013,渡島檜山,渡島・尻別川,195,名称一致・計画区コード体系相違
北海道,01345,森町,001,渡島檜山,渡島・尻別川,13,渡島檜山,渡島・尻別川,165,名称一致・計画区コード体系相違
北海道,01346,八雲町,001,渡島檜山,渡島・尻別川,013,渡島檜山,渡島・尻別川,698,名称一致・計画区コード体系相違
北海道,01346,八雲町,001,渡島檜山,渡島・尻別川,13,渡島檜山,渡島・尻別川,243,名称一致・計画区コード体系相違
北海道,01347,長万部町,001,渡島檜山,渡島・尻別川,013,渡島檜山,渡島・尻別川,204,名称一致・計画区コード体系相違
北海道,01347,長万部町,001,渡島檜山,渡島・尻別川,13,渡島檜山,渡島・尻別川,111,名称一致・計画区コード体系相違
北海道,01361,江差町,001,渡島檜山,渡島・尻別川,013,渡島檜山,渡島・尻別川,48,名称一致・計画区コード体系相違
北海道,01361,江差町,001,渡島檜山,渡島・尻別川,13,渡島檜山,渡島・尻別川,65,名称一致・計画区コード体系相違
北海道,01362,上ノ国町,001,渡島檜山,渡島・尻別川,013,渡島檜山,渡島・尻別川,334,名称一致・計画区コード体系相違
北海道,01362,上ノ国町,001,渡島檜山,渡島・尻別川,13,渡島檜山,渡島・尻別川,185,名称一致・計画区コード体系相違
北海道,01363,厚沢部町,001,渡島檜山,渡島・尻別川,013,渡島檜山,渡島・尻別川,537,名称一致・計画区コード体系相違
北海道,01363,厚沢部町,001,渡島檜山,渡島・尻別川,13,渡島檜山,渡島・尻別川,108,名称一致・計画区コード体系相違
北海道,01364,乙部町,001,渡島檜山,渡島・尻別川,013,渡島檜山,渡島・尻別川,123,名称一致・計画区コード体系相違
北海道,01364,乙部町,001,渡島檜山,渡島・尻別川,13,渡島檜山,渡島・尻別川,46,名称一致・計画区コード体系相違
北海道,01367,奥尻町,001,渡島檜山,渡島・尻別川,013,渡島檜山,渡島・尻別川,96,名称一致・計画区コード体系相違
北海道,01367,奥尻町,001,渡島檜山,渡島・尻別川,13,渡島檜山,渡島・尻別川,51,名称一致・計画区コード体系相違
北海道,01370,今金町,001,渡島檜山,渡島・尻別川,013,渡島檜山,渡島・尻別川,401,名称一致・計画区コード体系相違
北海道,01370,今金町,001,渡島檜山,渡島・尻別川,13,渡島檜山,渡島・尻別川,142,名称一致・計画区コード体系相違
北海道,01371,せたな町,001,渡島檜山,渡島・尻別川,013,渡島檜山,渡島・尻別川,563,名称一致・計画区コード体系相違
北海道,01371,せたな町,001,渡島檜山,渡島・尻別川,13,渡島檜山,渡島・尻別川,133,名称一致・計画区コード体系相違
北海道,01391,島牧村,002,後志胆振,渡島・尻別川,012,後志胆振,渡島・尻別川,437,名称一致・計画区コード体系相違
北海道,01391,島牧村,002,後志胆振,渡島・尻別川,12,後志胆振,渡島・尻別川,24,名称一致・計画区コード体系相違
北海道,01392,寿都町,002,後志胆振,渡島・尻別川,012,後志胆振,渡島・尻別川,25,名称一致・計画区コード体系相違
北海道,01392,寿都町,002,後志胆振,渡島・尻別川,12,後志胆振,渡島・尻別川,26,名称一致・計画区コード体系相違
北海道,01393,黒松内町,002,後志胆振,渡島・尻別川,012,後志胆振,渡島・尻別川,54,名称一致・計画区コード体系相違
北海道,01393,黒松内町,002,後志胆振,渡島・尻別川,12,後志胆振,渡島・尻別川,93,名称一致・計画区コード体系相違
北海道,01394,蘭越町,002,後志胆振,渡島・尻別川,012,後志胆振,渡島・尻別川,1,名称一致・計画区コード体系相違
北海道,01394,蘭越町,002,後志胆振,渡島・尻別川,12,後志胆振,渡島・尻別川,129,名称一致・計画区コード体系相違
北海道,01395,ニセコ町,002,後志胆振,渡島・尻別川,12,後志胆振,渡島・尻別川,89,名称一致・計画区コード体系相違
北海道,01396,真狩村,002,後志胆振,渡島・尻別川,12,後志胆振,渡島・尻別川,77,名称一致・計画区コード体系相違
北海道,01397,留寿都村,002,後志胆振,渡島・尻別川,012,後志胆振,渡島・尻別川,26,名称一致・計画区コード体系相違
北海道,01397,留寿都村,002,後志胆振,渡島・尻別川,12,後志胆振,渡島・尻別川,59,名称一致・計画区コード体系相違
北海道,01398,喜茂別町,002,後志胆振,渡島・尻別川,012,後志胆振,渡島・尻別川,53,名称一致・計画区コード体系相違
北海道,01398,喜茂別町,002,後志胆振,渡島・尻別川,12,後志胆振,渡島・尻別川,101,名称一致・計画区コード体系相違
北海道,01399,京極町,002,後志胆振,渡島・尻別川,012,後志胆振,渡島・尻別川,93,名称一致・計画区コード体系相違
北海道,01399,京極町,002,後志胆振,渡島・尻別川,12,後志胆振,渡島・尻別川,107,名称一致・計画区コード体系相違
北海道,01400,倶知安町,002,後志胆振,渡島・尻別川,012,後志胆振,渡島・尻別川,67,名称一致・計画区コード体系相違
北海道,01400,倶知安町,002,後志胆振,渡島・尻別川,12,後志胆振,渡島・尻別川,105,名称一致・計画区コード体系相違
北海道,01401,共和町,002,後志胆振,渡島・尻別川,012,後志胆振,渡島・尻別川,182,名称一致・計画区コード体系相違
北海道,01401,共和町,002,後志胆振,渡島・尻別川,12,後志胆振,渡島・尻別川,102,名称一致・計画区コード体系相違
北海道,01402,岩内町,002,後志胆振,渡島・尻別川,012,後志胆振,渡島・尻別川,80,名称一致・計画区コード体系相違
北海道,01402,岩内町,002,後志胆振,渡島・尻別川,12,後志胆振,渡島・尻別川,15,名称一致・計画区コード体系相違
北海道,01403,泊村,002,後志胆振,渡島・尻別川,,,,1,森林側属性空欄
北海道,01403,泊村,002,後志胆振,渡島・尻別川,012,後志胆振,渡島・尻別川,94,名称一致・計画区コード体系相違
北海道,01403,泊村,002,後志胆振,渡島・尻別川,12,後志胆振,渡島・尻別川,18,名称一致・計画区コード体系相違
北海道,01404,神恵内村,002,後志胆振,渡島・尻別川,012,後志胆振,渡島・尻別川,192,名称一致・計画区コード体系相違
北海道,01404,神恵内村,002,後志胆振,渡島・尻別川,12,後志胆振,渡島・尻別川,11,名称一致・計画区コード体系相違
北海道,01405,積丹町,005,石狩空知,石狩川,004,石狩空知,石狩川,84,名称一致・計画区コード体系相違
北海道,01405,積丹町,005,石狩空知,石狩川,04,石狩空知,石狩川,43,名称一致・計画区コード体系相違
北海道,01406,古平町,005,石狩空知,石狩川,004,石狩空知,石狩川,99,名称一致・計画区コード体系相違
北海道,01406,古平町,005,石狩空知,石狩川,04,石狩空知,石狩川,40,名称一致・計画区コード体系相違
北海道,01407,仁木町,005,石狩空知,石狩川,004,石狩空知,石狩川,78,名称一致・計画区コード体系相違
北海道,01407,仁木町,005,石狩空知,石狩川,04,石狩空知,石狩川,44,名称一致・計画区コード体系相違
北海道,01408,余市町,005,石狩空知,石狩川,004,石狩空知,石狩川,61,名称一致・計画区コード体系相違
北海道,01408,余市町,005,石狩空知,石狩川,04,石狩空知,石狩川,42,名称一致・計画区コード体系相違
北海道,01409,赤井川村,005,石狩空知,石狩川,004,石狩空知,石狩川,155,名称一致・計画区コード体系相違
北海道,01409,赤井川村,005,石狩空知,石狩川,04,石狩空知,石狩川,41,名称一致・計画区コード体系相違
北海道,01423,南幌町,005,石狩空知,石狩川,004,石狩空知,石狩川,1,名称一致・計画区コード体系相違
北海道,01423,南幌町,005,石狩空知,石狩川,04,石狩空知,石狩川,3,名称一致・計画区コード体系相違
北海道,01424,奈井江町,005,石狩空知,石狩川,04,石狩空知,石狩川,41,名称一致・計画区コード体系相違
北海道,01425,上砂川町,005,石狩空知,石狩川,04,石狩空知,石狩川,33,名称一致・計画区コード体系相違
北海道,01427,由仁町,005,石狩空知,石狩川,004,石狩空知,石狩川,7,名称一致・計画区コード体系相違
北海道,01427,由仁町,005,石狩空知,石狩川,04,石狩空知,石狩川,31,名称一致・計画区コード体系相違
北海道,01428,長沼町,005,石狩空知,石狩川,004,石狩空知,石狩川,23,名称一致・計画区コード体系相違
北海道,01428,長沼町,005,石狩空知,石狩川,04,石狩空知,石狩川,8,名称一致・計画区コード体系相違
北海道,01429,栗山町,005,石狩空知,石狩川,004,石狩空知,石狩川,76,名称一致・計画区コード体系相違
北海道,01429,栗山町,005,石狩空知,石狩川,04,石狩空知,石狩川,61,名称一致・計画区コード体系相違
北海道,01430,月形町,005,石狩空知,石狩川,004,石狩空知,石狩川,1,名称一致・計画区コード体系相違
北海道,01430,月形町,005,石狩空知,石狩川,04,石狩空知,石狩川,71,名称一致・計画区コード体系相違
北海道,01431,浦臼町,005,石狩空知,石狩川,04,石狩空知,石狩川,43,名称一致・計画区コード体系相違
北海道,01432,新十津川町,005,石狩空知,石狩川,04,石狩空知,石狩川,206,名称一致・計画区コード体系相違
北海道,01433,妹背牛町,005,石狩空知,石狩川,04,石狩空知,石狩川,1,名称一致・計画区コード体系相違
北海道,01434,秩父別町,005,石狩空知,石狩川,04,石狩空知,石狩川,8,名称一致・計画区コード体系相違
北海道,01436,雨竜町,005,石狩空知,石狩川,004,石狩空知,石狩川,36,名称一致・計画区コード体系相違
北海道,01436,雨竜町,005,石狩空知,石狩川,04,石狩空知,石狩川,34,名称一致・計画区コード体系相違
北海道,01437,北竜町,005,石狩空知,石狩川,004,石狩空知,石狩川,40,名称一致・計画区コード体系相違
北海道,01437,北竜町,005,石狩空知,石狩川,04,石狩空知,石狩川,25,名称一致・計画区コード体系相違
北海道,01438,沼田町,005,石狩空知,石狩川,004,石狩空知,石狩川,62,名称一致・計画区コード体系相違
北海道,01438,沼田町,005,石狩空知,石狩川,04,石狩空知,石狩川,109,名称一致・計画区コード体系相違
北海道,01452,鷹栖町,006,上川南部,石狩川,005,上川南部,石狩川,8,名称一致・計画区コード体系相違
北海道,01452,鷹栖町,006,上川南部,石狩川,05,上川南部,石狩川,41,名称一致・計画区コード体系相違
北海道,01453,東神楽町,006,上川南部,石狩川,05,上川南部,石狩川,15,名称一致・計画区コード体系相違
北海道,01454,当麻町,006,上川南部,石狩川,05,上川南部,石狩川,104,名称一致・計画区コード体系相違
北海道,01455,比布町,006,上川南部,石狩川,005,上川南部,石狩川,7,名称一致・計画区コード体系相違
北海道,01455,比布町,006,上川南部,石狩川,05,上川南部,石狩川,20,名称一致・計画区コード体系相違
北海道,01456,愛別町,006,上川南部,石狩川,005,上川南部,石狩川,58,名称一致・計画区コード体系相違
北海道,01456,愛別町,006,上川南部,石狩川,05,上川南部,石狩川,45,名称一致・計画区コード体系相違
北海道,01457,上川町,006,上川南部,石狩川,005,上川南部,石狩川,332,名称一致・計画区コード体系相違
北海道,01457,上川町,006,上川南部,石狩川,05,上川南部,石狩川,86,名称一致・計画区コード体系相違
北海道,01458,東川町,006,上川南部,石狩川,005,上川南部,石狩川,19,名称一致・計画区コード体系相違
北海道,01458,東川町,006,上川南部,石狩川,05,上川南部,石狩川,69,名称一致・計画区コード体系相違
北海道,01459,美瑛町,006,上川南部,石狩川,005,上川南部,石狩川,109,名称一致・計画区コード体系相違
北海道,01459,美瑛町,006,上川南部,石狩川,05,上川南部,石狩川,149,名称一致・計画区コード体系相違
北海道,01460,上富良野町,006,上川南部,石狩川,005,上川南部,石狩川,20,名称一致・計画区コード体系相違
北海道,01460,上富良野町,006,上川南部,石狩川,05,上川南部,石狩川,67,名称一致・計画区コード体系相違
北海道,01461,中富良野町,006,上川南部,石狩川,05,上川南部,石狩川,43,名称一致・計画区コード体系相違
北海道,01462,南富良野町,006,上川南部,石狩川,005,上川南部,石狩川,206,名称一致・計画区コード体系相違
北海道,01462,南富良野町,006,上川南部,石狩川,05,上川南部,石狩川,82,名称一致・計画区コード体系相違
北海道,01463,占冠村,006,上川南部,石狩川,005,上川南部,石狩川,171,名称一致・計画区コード体系相違
北海道,01463,占冠村,006,上川南部,石狩川,05,上川南部,石狩川,53,名称一致・計画区コード体系相違
北海道,01464,和寒町,007,上川北部,天塩川,002,上川北部,天塩川,31,名称一致・計画区コード体系相違
北海道,01464,和寒町,007,上川北部,天塩川,02,上川北部,天塩川,55,名称一致・計画区コード体系相違
北海道,01465,剣淵町,007,上川北部,天塩川,02,上川北部,天塩川,60,名称一致・計画区コード体系相違
北海道,01468,下川町,007,上川北部,天塩川,002,上川北部,天塩川,217,名称一致・計画区コード体系相違
北海道,01468,下川町,007,上川北部,天塩川,02,上川北部,天塩川,95,名称一致・計画区コード体系相違
北海道,01469,美深町,007,上川北部,天塩川,02,上川北部,天塩川,219,名称一致・計画区コード体系相違
北海道,01470,音威子府村,007,上川北部,天塩川,02,上川北部,天塩川,151,名称一致・計画区コード体系相違
北海道,01471,中川町,007,上川北部,天塩川,002,上川北部,天塩川,89,名称一致・計画区コード体系相違
北海道,01471,中川町,007,上川北部,天塩川,02,上川北部,天塩川,172,名称一致・計画区コード体系相違
北海道,01472,幌加内町,005,石狩空知,石狩川,004,石狩空知,石狩川,205,名称一致・計画区コード体系相違
北海道,01472,幌加内町,005,石狩空知,石狩川,04,石狩空知,石狩川,185,名称一致・計画区コード体系相違
北海道,01481,増毛町,008,留萌,天塩川,001,留萌,天塩川,66,名称一致・計画区コード体系相違
北海道,01481,増毛町,008,留萌,天塩川,01,留萌,天塩川,131,名称一致・計画区コード体系相違
北海道,01482,小平町,008,留萌,天塩川,001,留萌,天塩川,195,名称一致・計画区コード体系相違
北海道,01482,小平町,008,留萌,天塩川,01,留萌,天塩川,204,名称一致・計画区コード体系相違
北海道,01483,苫前町,008,留萌,天塩川,001,留萌,天塩川,201,名称一致・計画区コード体系相違
北海道,01483,苫前町,008,留萌,天塩川,01,留萌,天塩川,99,名称一致・計画区コード体系相違
北海道,01484,羽幌町,008,留萌,天塩川,001,留萌,天塩川,210,名称一致・計画区コード体系相違
北海道,01484,羽幌町,008,留萌,天塩川,01,留萌,天塩川,69,名称一致・計画区コード体系相違
北海道,01485,初山別村,008,留萌,天塩川,001,留萌,天塩川,86,名称一致・計画区コード体系相違
北海道,01485,初山別村,008,留萌,天塩川,01,留萌,天塩川,98,名称一致・計画区コード体系相違
北海道,01486,遠別町,008,留萌,天塩川,001,留萌,天塩川,192,名称一致・計画区コード体系相違
北海道,01486,遠別町,008,留萌,天塩川,01,留萌,天塩川,145,名称一致・計画区コード体系相違
北海道,01487,天塩町,008,留萌,天塩川,001,留萌,天塩川,64,名称一致・計画区コード体系相違
北海道,01487,天塩町,008,留萌,天塩川,01,留萌,天塩川,123,名称一致・計画区コード体系相違
北海道,01511,猿払村,009,宗谷,天塩川,003,宗谷,天塩川,73,名称一致・計画区コード体系相違
北海道,01511,猿払村,009,宗谷,天塩川,03,宗谷,天塩川,188,名称一致・計画区コード体系相違
北海道,01512,浜頓別町,009,宗谷,天塩川,003,宗谷,天塩川,70,名称一致・計画区コード体系相違
北海道,01512,浜頓別町,009,宗谷,天塩川,03,宗谷,天塩川,85,名称一致・計画区コード体系相違
北海道,01513,中頓別町,009,宗谷,天塩川,003,宗谷,天塩川,110,名称一致・計画区コード体系相違
北海道,01513,中頓別町,009,宗谷,天塩川,03,宗谷,天塩川,62,名称一致・計画区コード体系相違
北海道,01514,枝幸町,009,宗谷,天塩川,003,宗谷,天塩川,245,名称一致・計画区コード体系相違
北海道,01514,枝幸町,009,宗谷,天塩川,03,宗谷,天塩川,435,名称一致・計画区コード体系相違
北海道,01516,豊富町,009,宗谷,天塩川,003,宗谷,天塩川,73,名称一致・計画区コード体系相違
北海道,01516,豊富町,009,宗谷,天塩川,03,宗谷,天塩川,97,名称一致・計画区コード体系相違
北海道,01517,礼文町,009,宗谷,天塩川,003,宗谷,天塩川,36,名称一致・計画区コード体系相違
北海道,01517,礼文町,009,宗谷,天塩川,03,宗谷,天塩川,1,名称一致・計画区コード体系相違
北海道,01518,利尻町,009,宗谷,天塩川,003,宗谷,天塩川,9,名称一致・計画区コード体系相違
北海道,01518,利尻町,009,宗谷,天塩川,03,宗谷,天塩川,3,名称一致・計画区コード体系相違
北海道,01519,利尻富士町,009,宗谷,天塩川,003,宗谷,天塩川,19,名称一致・計画区コード体系相違
北海道,01519,利尻富士町,009,宗谷,天塩川,03,宗谷,天塩川,15,名称一致・計画区コード体系相違
北海道,01520,幌延町,008,留萌,天塩川,003,宗谷,天塩川,42,名称または広域流域の不一致・要照会
北海道,01520,幌延町,008,留萌,天塩川,03,宗谷,天塩川,251,名称または広域流域の不一致・要照会
北海道,01543,美幌町,011,網走東部,網走・湧別川,007,網走東部,網走・湧別川,48,名称一致・計画区コード体系相違
北海道,01543,美幌町,011,網走東部,網走・湧別川,07,網走東部,網走・湧別川,155,名称一致・計画区コード体系相違
北海道,01544,津別町,011,網走東部,網走・湧別川,007,網走東部,網走・湧別川,248,名称一致・計画区コード体系相違
北海道,01544,津別町,011,網走東部,網走・湧別川,07,網走東部,網走・湧別川,178,名称一致・計画区コード体系相違
北海道,01545,斜里町,011,網走東部,網走・湧別川,007,網走東部,網走・湧別川,148,名称一致・計画区コード体系相違
北海道,01545,斜里町,011,網走東部,網走・湧別川,07,網走東部,網走・湧別川,50,名称一致・計画区コード体系相違
北海道,01546,清里町,011,網走東部,網走・湧別川,007,網走東部,網走・湧別川,112,名称一致・計画区コード体系相違
北海道,01546,清里町,011,網走東部,網走・湧別川,07,網走東部,網走・湧別川,21,名称一致・計画区コード体系相違
北海道,01547,小清水町,011,網走東部,網走・湧別川,007,網走東部,網走・湧別川,58,名称一致・計画区コード体系相違
北海道,01547,小清水町,011,網走東部,網走・湧別川,07,網走東部,網走・湧別川,29,名称一致・計画区コード体系相違
北海道,01549,訓子府町,011,網走東部,網走・湧別川,07,網走東部,網走・湧別川,87,名称一致・計画区コード体系相違
北海道,01550,置戸町,011,網走東部,網走・湧別川,007,網走東部,網走・湧別川,127,名称一致・計画区コード体系相違
北海道,01550,置戸町,011,網走東部,網走・湧別川,07,網走東部,網走・湧別川,109,名称一致・計画区コード体系相違
北海道,01552,佐呂間町,011,網走東部,網走・湧別川,007,網走東部,網走・湧別川,76,名称一致・計画区コード体系相違
北海道,01552,佐呂間町,011,網走東部,網走・湧別川,07,網走東部,網走・湧別川,83,名称一致・計画区コード体系相違
北海道,01555,遠軽町,010,網走西部,網走・湧別川,006,網走西部,網走・湧別川,418,名称一致・計画区コード体系相違
北海道,01555,遠軽町,010,網走西部,網走・湧別川,06,網走西部,網走・湧別川,199,名称一致・計画区コード体系相違
北海道,01559,湧別町,010,網走西部,網走・湧別川,006,網走西部,網走・湧別川,34,名称一致・計画区コード体系相違
北海道,01559,湧別町,010,網走西部,網走・湧別川,06,網走西部,網走・湧別川,214,名称一致・計画区コード体系相違
北海道,01560,滝上町,010,網走西部,網走・湧別川,006,網走西部,網走・湧別川,246,名称一致・計画区コード体系相違
北海道,01560,滝上町,010,網走西部,網走・湧別川,06,網走西部,網走・湧別川,88,名称一致・計画区コード体系相違
北海道,01561,興部町,010,網走西部,網走・湧別川,06,網走西部,網走・湧別川,215,名称一致・計画区コード体系相違
北海道,01562,西興部村,010,網走西部,網走・湧別川,06,網走西部,網走・湧別川,152,名称一致・計画区コード体系相違
北海道,01563,雄武町,010,網走西部,網走・湧別川,06,網走西部,網走・湧別川,256,名称一致・計画区コード体系相違
北海道,01564,大空町,011,網走東部,網走・湧別川,007,網走東部,網走・湧別川,20,名称一致・計画区コード体系相違
北海道,01564,大空町,011,網走東部,網走・湧別川,07,網走東部,網走・湧別川,113,名称一致・計画区コード体系相違
北海道,01571,豊浦町,002,後志胆振,渡島・尻別川,012,後志胆振,渡島・尻別川,2,名称一致・計画区コード体系相違
北海道,01571,豊浦町,002,後志胆振,渡島・尻別川,12,後志胆振,渡島・尻別川,99,名称一致・計画区コード体系相違
北海道,01575,壮瞥町,002,後志胆振,渡島・尻別川,012,後志胆振,渡島・尻別川,83,名称一致・計画区コード体系相違
北海道,01575,壮瞥町,002,後志胆振,渡島・尻別川,12,後志胆振,渡島・尻別川,67,名称一致・計画区コード体系相違
北海道,01578,白老町,003,胆振東部,沙流川,010,胆振東部,沙流川,228,名称一致・計画区コード体系相違
北海道,01578,白老町,003,胆振東部,沙流川,10,胆振東部,沙流川,125,名称一致・計画区コード体系相違
北海道,01581,厚真町,003,胆振東部,沙流川,10,胆振東部,沙流川,168,名称一致・計画区コード体系相違
北海道,01584,洞爺湖町,002,後志胆振,渡島・尻別川,012,後志胆振,渡島・尻別川,13,名称一致・計画区コード体系相違
北海道,01584,洞爺湖町,002,後志胆振,渡島・尻別川,12,後志胆振,渡島・尻別川,75,名称一致・計画区コード体系相違
北海道,01585,安平町,003,胆振東部,沙流川,10,胆振東部,沙流川,86,名称一致・計画区コード体系相違
北海道,01586,むかわ町,003,胆振東部,沙流川,010,胆振東部,沙流川,192,名称一致・計画区コード体系相違
北海道,01586,むかわ町,003,胆振東部,沙流川,10,胆振東部,沙流川,197,名称一致・計画区コード体系相違
北海道,01601,日高町,004,日高,沙流川,011,日高,沙流川,396,名称一致・計画区コード体系相違
北海道,01601,日高町,004,日高,沙流川,11,日高,沙流川,375,名称一致・計画区コード体系相違
北海道,01602,平取町,004,日高,沙流川,011,日高,沙流川,251,名称一致・計画区コード体系相違
北海道,01602,平取町,004,日高,沙流川,11,日高,沙流川,220,名称一致・計画区コード体系相違
北海道,01604,新冠町,004,日高,沙流川,011,日高,沙流川,266,名称一致・計画区コード体系相違
北海道,01604,新冠町,004,日高,沙流川,11,日高,沙流川,100,名称一致・計画区コード体系相違
北海道,01607,浦河町,004,日高,沙流川,011,日高,沙流川,132,名称一致・計画区コード体系相違
北海道,01607,浦河町,004,日高,沙流川,11,日高,沙流川,362,名称一致・計画区コード体系相違
北海道,01608,様似町,004,日高,沙流川,11,日高,沙流川,272,名称一致・計画区コード体系相違
北海道,01609,えりも町,004,日高,沙流川,011,日高,沙流川,3,名称一致・計画区コード体系相違
北海道,01609,えりも町,004,日高,沙流川,11,日高,沙流川,167,名称一致・計画区コード体系相違
北海道,01610,新ひだか町,004,日高,沙流川,011,日高,沙流川,349,名称一致・計画区コード体系相違
北海道,01610,新ひだか町,004,日高,沙流川,11,日高,沙流川,428,名称一致・計画区コード体系相違
北海道,01631,音更町,013,十勝,十勝・釧路川,009,十勝,十勝・釧路川,2,名称一致・計画区コード体系相違
北海道,01631,音更町,013,十勝,十勝・釧路川,09,十勝,十勝・釧路川,102,名称一致・計画区コード体系相違
北海道,01632,士幌町,013,十勝,十勝・釧路川,009,十勝,十勝・釧路川,1,名称一致・計画区コード体系相違
北海道,01632,士幌町,013,十勝,十勝・釧路川,09,十勝,十勝・釧路川,80,名称一致・計画区コード体系相違
北海道,01633,上士幌町,013,十勝,十勝・釧路川,009,十勝,十勝・釧路川,217,名称一致・計画区コード体系相違
北海道,01633,上士幌町,013,十勝,十勝・釧路川,09,十勝,十勝・釧路川,67,名称一致・計画区コード体系相違
北海道,01634,鹿追町,013,十勝,十勝・釧路川,009,十勝,十勝・釧路川,72,名称一致・計画区コード体系相違
北海道,01634,鹿追町,013,十勝,十勝・釧路川,09,十勝,十勝・釧路川,91,名称一致・計画区コード体系相違
北海道,01635,新得町,013,十勝,十勝・釧路川,009,十勝,十勝・釧路川,372,名称一致・計画区コード体系相違
北海道,01635,新得町,013,十勝,十勝・釧路川,09,十勝,十勝・釧路川,124,名称一致・計画区コード体系相違
北海道,01636,清水町,013,十勝,十勝・釧路川,009,十勝,十勝・釧路川,34,名称一致・計画区コード体系相違
北海道,01636,清水町,013,十勝,十勝・釧路川,09,十勝,十勝・釧路川,86,名称一致・計画区コード体系相違
北海道,01637,芽室町,013,十勝,十勝・釧路川,009,十勝,十勝・釧路川,40,名称一致・計画区コード体系相違
北海道,01637,芽室町,013,十勝,十勝・釧路川,09,十勝,十勝・釧路川,66,名称一致・計画区コード体系相違
北海道,01638,中札内村,013,十勝,十勝・釧路川,009,十勝,十勝・釧路川,36,名称一致・計画区コード体系相違
北海道,01638,中札内村,013,十勝,十勝・釧路川,09,十勝,十勝・釧路川,22,名称一致・計画区コード体系相違
北海道,01639,更別村,013,十勝,十勝・釧路川,009,十勝,十勝・釧路川,3,名称一致・計画区コード体系相違
北海道,01639,更別村,013,十勝,十勝・釧路川,09,十勝,十勝・釧路川,30,名称一致・計画区コード体系相違
北海道,01641,大樹町,013,十勝,十勝・釧路川,009,十勝,十勝・釧路川,135,名称一致・計画区コード体系相違
北海道,01641,大樹町,013,十勝,十勝・釧路川,09,十勝,十勝・釧路川,127,名称一致・計画区コード体系相違
北海道,01642,広尾町,013,十勝,十勝・釧路川,009,十勝,十勝・釧路川,145,名称一致・計画区コード体系相違
北海道,01642,広尾町,013,十勝,十勝・釧路川,09,十勝,十勝・釧路川,150,名称一致・計画区コード体系相違
北海道,01643,幕別町,013,十勝,十勝・釧路川,09,十勝,十勝・釧路川,144,名称一致・計画区コード体系相違
北海道,01644,池田町,013,十勝,十勝・釧路川,09,十勝,十勝・釧路川,297,名称一致・計画区コード体系相違
北海道,01645,豊頃町,013,十勝,十勝・釧路川,09,十勝,十勝・釧路川,240,名称一致・計画区コード体系相違
北海道,01646,本別町,013,十勝,十勝・釧路川,009,十勝,十勝・釧路川,45,名称一致・計画区コード体系相違
北海道,01646,本別町,013,十勝,十勝・釧路川,09,十勝,十勝・釧路川,136,名称一致・計画区コード体系相違
北海道,01647,足寄町,013,十勝,十勝・釧路川,009,十勝,十勝・釧路川,293,名称一致・計画区コード体系相違
北海道,01647,足寄町,013,十勝,十勝・釧路川,09,十勝,十勝・釧路川,364,名称一致・計画区コード体系相違
北海道,01648,陸別町,013,十勝,十勝・釧路川,009,十勝,十勝・釧路川,160,名称一致・計画区コード体系相違
北海道,01648,陸別町,013,十勝,十勝・釧路川,09,十勝,十勝・釧路川,151,名称一致・計画区コード体系相違
北海道,01649,浦幌町,013,十勝,十勝・釧路川,09,十勝,十勝・釧路川,440,名称一致・計画区コード体系相違
北海道,01661,釧路町,012,釧路根室,十勝・釧路川,008,釧路根室,十勝・釧路川,37,名称一致・計画区コード体系相違
北海道,01661,釧路町,012,釧路根室,十勝・釧路川,08,釧路根室,十勝・釧路川,152,名称一致・計画区コード体系相違
北海道,01662,厚岸町,012,釧路根室,十勝・釧路川,008,釧路根室,十勝・釧路川,56,名称一致・計画区コード体系相違
北海道,01662,厚岸町,012,釧路根室,十勝・釧路川,08,釧路根室,十勝・釧路川,213,名称一致・計画区コード体系相違
北海道,01663,浜中町,012,釧路根室,十勝・釧路川,008,釧路根室,十勝・釧路川,5,名称一致・計画区コード体系相違
北海道,01663,浜中町,012,釧路根室,十勝・釧路川,08,釧路根室,十勝・釧路川,216,名称一致・計画区コード体系相違
北海道,01664,標茶町,012,釧路根室,十勝・釧路川,008,釧路根室,十勝・釧路川,109,名称一致・計画区コード体系相違
北海道,01664,標茶町,012,釧路根室,十勝・釧路川,08,釧路根室,十勝・釧路川,452,名称一致・計画区コード体系相違
北海道,01665,弟子屈町,012,釧路根室,十勝・釧路川,008,釧路根室,十勝・釧路川,310,名称一致・計画区コード体系相違
北海道,01665,弟子屈町,012,釧路根室,十勝・釧路川,08,釧路根室,十勝・釧路川,133,名称一致・計画区コード体系相違
北海道,01667,鶴居村,012,釧路根室,十勝・釧路川,008,釧路根室,十勝・釧路川,61,名称一致・計画区コード体系相違
北海道,01667,鶴居村,012,釧路根室,十勝・釧路川,08,釧路根室,十勝・釧路川,291,名称一致・計画区コード体系相違
北海道,01668,白糠町,012,釧路根室,十勝・釧路川,008,釧路根室,十勝・釧路川,207,名称一致・計画区コード体系相違
北海道,01668,白糠町,012,釧路根室,十勝・釧路川,08,釧路根室,十勝・釧路川,230,名称一致・計画区コード体系相違
北海道,01691,別海町,012,釧路根室,十勝・釧路川,008,釧路根室,十勝・釧路川,39,名称一致・計画区コード体系相違
北海道,01691,別海町,012,釧路根室,十勝・釧路川,08,釧路根室,十勝・釧路川,406,名称一致・計画区コード体系相違
北海道,01692,中標津町,012,釧路根室,十勝・釧路川,008,釧路根室,十勝・釧路川,123,名称一致・計画区コード体系相違
北海道,01692,中標津町,012,釧路根室,十勝・釧路川,08,釧路根室,十勝・釧路川,116,名称一致・計画区コード体系相違
北海道,01693,標津町,012,釧路根室,十勝・釧路川,008,釧路根室,十勝・釧路川,114,名称一致・計画区コード体系相違
北海道,01693,標津町,012,釧路根室,十勝・釧路川,08,釧路根室,十勝・釧路川,164,名称一致・計画区コード体系相違
北海道,01694,羅臼町,012,釧路根室,十勝・釧路川,008,釧路根室,十勝・釧路川,92,名称一致・計画区コード体系相違
北海道,01694,羅臼町,012,釧路根室,十勝・釧路川,08,釧路根室,十勝・釧路川,43,名称一致・計画区コード体系相違
北海道,01695,色丹村,012,釧路根室,十勝・釧路川,,,,1,森林側属性空欄
北海道,01697,留夜別村,012,釧路根室,十勝・釧路川,,,,1,森林側属性空欄
北海道,01698,留別村,012,釧路根室,十勝・釧路川,,,,1,森林側属性空欄
北海道,01699,紗那村,,,,,,,1,森林側属性空欄
北海道,01700,蘂取村,012,釧路根室,十勝・釧路川,,,,1,森林側属性空欄
東京都,13201,八王子市,048,多摩,利根川,048,多摩,利根川,191,所属とコード一致・森林存在地点のみ
東京都,13205,青梅市,048,多摩,利根川,048,多摩,利根川,137,所属とコード一致・森林存在地点のみ
東京都,13208,調布市,048,多摩,利根川,048,多摩,利根川,1,所属とコード一致・森林存在地点のみ
東京都,13209,町田市,048,多摩,利根川,048,多摩,利根川,21,所属とコード一致・森林存在地点のみ
東京都,13212,日野市,048,多摩,利根川,048,多摩,利根川,1,所属とコード一致・森林存在地点のみ
東京都,13220,東大和市,048,多摩,利根川,048,多摩,利根川,3,所属とコード一致・森林存在地点のみ
東京都,13223,武蔵村山市,048,多摩,利根川,048,多摩,利根川,1,所属とコード一致・森林存在地点のみ
東京都,13224,多摩市,048,多摩,利根川,048,多摩,利根川,1,所属とコード一致・森林存在地点のみ
東京都,13225,稲城市,048,多摩,利根川,048,多摩,利根川,1,所属とコード一致・森林存在地点のみ
東京都,13227,羽村市,048,多摩,利根川,048,多摩,利根川,1,所属とコード一致・森林存在地点のみ
東京都,13228,あきる野市,048,多摩,利根川,048,多摩,利根川,87,所属とコード一致・森林存在地点のみ
東京都,13303,瑞穂町,048,多摩,利根川,048,多摩,利根川,9,所属とコード一致・森林存在地点のみ
東京都,13305,日の出町,048,多摩,利根川,048,多摩,利根川,45,所属とコード一致・森林存在地点のみ
東京都,13307,檜原村,048,多摩,利根川,048,多摩,利根川,156,所属とコード一致・森林存在地点のみ
東京都,13308,奥多摩町,048,多摩,利根川,048,多摩,利根川,289,所属とコード一致・森林存在地点のみ
東京都,13361,大島町,049,伊豆諸島,利根川,049,伊豆諸島,利根川,93,所属とコード一致・森林存在地点のみ
東京都,13362,利島村,049,伊豆諸島,利根川,049,伊豆諸島,利根川,8,所属とコード一致・森林存在地点のみ
東京都,13363,新島村,,,,049,伊豆諸島,利根川,36,候補未割当・森林側に所属あり
東京都,13364,神津島村,049,伊豆諸島,利根川,049,伊豆諸島,利根川,36,所属とコード一致・森林存在地点のみ
東京都,13381,三宅村,049,伊豆諸島,利根川,049,伊豆諸島,利根川,78,所属とコード一致・森林存在地点のみ
東京都,13382,御蔵島村,049,伊豆諸島,利根川,049,伊豆諸島,利根川,16,所属とコード一致・森林存在地点のみ
東京都,13401,八丈町,049,伊豆諸島,利根川,049,伊豆諸島,利根川,72,所属とコード一致・森林存在地点のみ
東京都,13402,青ヶ島村,049,伊豆諸島,利根川,049,伊豆諸島,利根川,6,所属とコード一致・森林存在地点のみ
東京都,13421,小笠原村,049,伊豆諸島,利根川,049,伊豆諸島,利根川,60,所属とコード一致・森林存在地点のみ
沖縄県,47201,那覇市,157,沖縄中南部,沖縄,157,沖縄中南部,沖縄,1,所属とコード一致・森林存在地点のみ
沖縄県,47205,宜野湾市,157,沖縄中南部,沖縄,157,沖縄中南部,沖縄,2,所属とコード一致・森林存在地点のみ
沖縄県,47207,石垣市,158,宮古八重山,沖縄,158,宮古八重山,沖縄,110,所属とコード一致・森林存在地点のみ
沖縄県,47208,浦添市,157,沖縄中南部,沖縄,157,沖縄中南部,沖縄,1,所属とコード一致・森林存在地点のみ
沖縄県,47209,名護市,156,沖縄北部,沖縄,156,沖縄北部,沖縄,155,所属とコード一致・森林存在地点のみ
沖縄県,47210,糸満市,157,沖縄中南部,沖縄,157,沖縄中南部,沖縄,12,所属とコード一致・森林存在地点のみ
沖縄県,47211,沖縄市,157,沖縄中南部,沖縄,157,沖縄中南部,沖縄,19,所属とコード一致・森林存在地点のみ
沖縄県,47212,豊見城市,157,沖縄中南部,沖縄,157,沖縄中南部,沖縄,2,所属とコード一致・森林存在地点のみ
沖縄県,47213,うるま市,157,沖縄中南部,沖縄,157,沖縄中南部,沖縄,30,所属とコード一致・森林存在地点のみ
沖縄県,47214,宮古島市,158,宮古八重山,沖縄,158,宮古八重山,沖縄,66,所属とコード一致・森林存在地点のみ
沖縄県,47215,南城市,157,沖縄中南部,沖縄,157,沖縄中南部,沖縄,23,所属とコード一致・森林存在地点のみ
沖縄県,47301,国頭村,156,沖縄北部,沖縄,156,沖縄北部,沖縄,186,所属とコード一致・森林存在地点のみ
沖縄県,47302,大宜味村,156,沖縄北部,沖縄,156,沖縄北部,沖縄,61,所属とコード一致・森林存在地点のみ
沖縄県,47303,東村,156,沖縄北部,沖縄,156,沖縄北部,沖縄,57,所属とコード一致・森林存在地点のみ
沖縄県,47306,今帰仁村,156,沖縄北部,沖縄,156,沖縄北部,沖縄,16,所属とコード一致・森林存在地点のみ
沖縄県,47308,本部町,156,沖縄北部,沖縄,156,沖縄北部,沖縄,39,所属とコード一致・森林存在地点のみ
沖縄県,47311,恩納村,156,沖縄北部,沖縄,156,沖縄北部,沖縄,42,所属とコード一致・森林存在地点のみ
沖縄県,47313,宜野座村,156,沖縄北部,沖縄,156,沖縄北部,沖縄,25,所属とコード一致・森林存在地点のみ
沖縄県,47314,金武町,156,沖縄北部,沖縄,156,沖縄北部,沖縄,27,所属とコード一致・森林存在地点のみ
沖縄県,47315,伊江村,156,沖縄北部,沖縄,156,沖縄北部,沖縄,6,所属とコード一致・森林存在地点のみ
沖縄県,47324,読谷村,157,沖縄中南部,沖縄,157,沖縄中南部,沖縄,9,所属とコード一致・森林存在地点のみ
沖縄県,47325,嘉手納町,157,沖縄中南部,沖縄,157,沖縄中南部,沖縄,10,所属とコード一致・森林存在地点のみ
沖縄県,47326,北谷町,157,沖縄中南部,沖縄,157,沖縄中南部,沖縄,2,所属とコード一致・森林存在地点のみ
沖縄県,47327,北中城村,157,沖縄中南部,沖縄,157,沖縄中南部,沖縄,5,所属とコード一致・森林存在地点のみ
沖縄県,47328,中城村,157,沖縄中南部,沖縄,157,沖縄中南部,沖縄,5,所属とコード一致・森林存在地点のみ
沖縄県,47329,西原町,157,沖縄中南部,沖縄,157,沖縄中南部,沖縄,3,所属とコード一致・森林存在地点のみ
沖縄県,47348,与那原町,157,沖縄中南部,沖縄,157,沖縄中南部,沖縄,2,所属とコード一致・森林存在地点のみ
沖縄県,47350,南風原町,157,沖縄中南部,沖縄,157,沖縄中南部,沖縄,2,所属とコード一致・森林存在地点のみ
沖縄県,47353,渡嘉敷村,157,沖縄中南部,沖縄,157,沖縄中南部,沖縄,13,所属とコード一致・森林存在地点のみ
沖縄県,47354,座間味村,157,沖縄中南部,沖縄,157,沖縄中南部,沖縄,7,所属とコード一致・森林存在地点のみ
沖縄県,47355,粟国村,157,沖縄中南部,沖縄,157,沖縄中南部,沖縄,2,所属とコード一致・森林存在地点のみ
沖縄県,47356,渡名喜村,157,沖縄中南部,沖縄,157,沖縄中南部,沖縄,7,所属とコード一致・森林存在地点のみ
沖縄県,47357,南大東村,157,沖縄中南部,沖縄,157,沖縄中南部,沖縄,12,所属とコード一致・森林存在地点のみ
沖縄県,47358,北大東村,157,沖縄中南部,沖縄,157,沖縄中南部,沖縄,8,所属とコード一致・森林存在地点のみ
沖縄県,47359,伊平屋村,156,沖縄北部,沖縄,156,沖縄北部,沖縄,15,所属とコード一致・森林存在地点のみ
沖縄県,47360,伊是名村,156,沖縄北部,沖縄,156,沖縄北部,沖縄,7,所属とコード一致・森林存在地点のみ
沖縄県,47361,久米島町,157,沖縄中南部,沖縄,157,沖縄中南部,沖縄,30,所属とコード一致・森林存在地点のみ
沖縄県,47362,八重瀬町,157,沖縄中南部,沖縄,157,沖縄中南部,沖縄,6,所属とコード一致・森林存在地点のみ
沖縄県,47375,多良間村,158,宮古八重山,沖縄,158,宮古八重山,沖縄,10,所属とコード一致・森林存在地点のみ
沖縄県,47381,竹富町,158,宮古八重山,沖縄,158,宮古八重山,沖縄,128,所属とコード一致・森林存在地点のみ
沖縄県,47382,与那国町,158,宮古八重山,沖縄,158,宮古八重山,沖縄,23,所属とコード一致・森林存在地点のみ
鹿児島県,46201,鹿児島市,152,南薩,川内・肝属川,152,南薩,川内・肝属川,526,所属とコード一致・森林存在地点のみ
鹿児島県,46203,鹿屋市,153,大隅,川内・肝属川,153,大隅,川内・肝属川,333,所属とコード一致・森林存在地点のみ
鹿児島県,46204,枕崎市,152,南薩,川内・肝属川,152,南薩,川内・肝属川,58,所属とコード一致・森林存在地点のみ
鹿児島県,46206,阿久根市,150,北薩,川内・肝属川,150,北薩,川内・肝属川,148,所属とコード一致・森林存在地点のみ
鹿児島県,46208,出水市,150,北薩,川内・肝属川,150,北薩,川内・肝属川,322,所属とコード一致・森林存在地点のみ
鹿児島県,46210,指宿市,152,南薩,川内・肝属川,152,南薩,川内・肝属川,78,所属とコード一致・森林存在地点のみ
鹿児島県,46213,西之表市,154,熊毛,川内・肝属川,154,熊毛,川内・肝属川,259,所属とコード一致・森林存在地点のみ
鹿児島県,46214,垂水市,153,大隅,川内・肝属川,153,大隅,川内・肝属川,147,所属とコード一致・森林存在地点のみ
鹿児島県,46215,薩摩川内市,150,北薩,川内・肝属川,150,北薩,川内・肝属川,872,所属とコード一致・森林存在地点のみ
鹿児島県,46216,日置市,152,南薩,川内・肝属川,152,南薩,川内・肝属川,233,所属とコード一致・森林存在地点のみ
鹿児島県,46217,曽於市,153,大隅,川内・肝属川,153,大隅,川内・肝属川,414,所属とコード一致・森林存在地点のみ
鹿児島県,46218,霧島市,151,姶良,川内・肝属川,151,姶良,川内・肝属川,632,所属とコード一致・森林存在地点のみ
鹿児島県,46219,いちき串木野市,152,南薩,川内・肝属川,152,南薩,川内・肝属川,95,所属とコード一致・森林存在地点のみ
鹿児島県,46220,南さつま市,152,南薩,川内・肝属川,152,南薩,川内・肝属川,234,所属とコード一致・森林存在地点のみ
鹿児島県,46221,志布志市,153,大隅,川内・肝属川,153,大隅,川内・肝属川,304,所属とコード一致・森林存在地点のみ
鹿児島県,46222,奄美市,155,奄美大島,川内・肝属川,155,奄美大島,川内・肝属川,260,所属とコード一致・森林存在地点のみ
鹿児島県,46223,南九州市,152,南薩,川内・肝属川,152,南薩,川内・肝属川,294,所属とコード一致・森林存在地点のみ
鹿児島県,46224,伊佐市,150,北薩,川内・肝属川,150,北薩,川内・肝属川,357,所属とコード一致・森林存在地点のみ
鹿児島県,46225,姶良市,151,姶良,川内・肝属川,151,姶良,川内・肝属川,256,所属とコード一致・森林存在地点のみ
鹿児島県,46303,三島村,152,南薩,川内・肝属川,152,南薩,川内・肝属川,21,所属とコード一致・森林存在地点のみ
鹿児島県,46304,十島村,152,南薩,川内・肝属川,152,南薩,川内・肝属川,22,所属とコード一致・森林存在地点のみ
鹿児島県,46392,さつま町,150,北薩,川内・肝属川,150,北薩,川内・肝属川,400,所属とコード一致・森林存在地点のみ
鹿児島県,46404,長島町,150,北薩,川内・肝属川,150,北薩,川内・肝属川,120,所属とコード一致・森林存在地点のみ
鹿児島県,46452,湧水町,151,姶良,川内・肝属川,151,姶良,川内・肝属川,120,所属とコード一致・森林存在地点のみ
鹿児島県,46468,大崎町,153,大隅,川内・肝属川,153,大隅,川内・肝属川,72,所属とコード一致・森林存在地点のみ
鹿児島県,46482,東串良町,153,大隅,川内・肝属川,153,大隅,川内・肝属川,5,所属とコード一致・森林存在地点のみ
鹿児島県,46490,錦江町,153,大隅,川内・肝属川,153,大隅,川内・肝属川,167,所属とコード一致・森林存在地点のみ
鹿児島県,46491,南大隅町,153,大隅,川内・肝属川,153,大隅,川内・肝属川,164,所属とコード一致・森林存在地点のみ
鹿児島県,46492,肝付町,153,大隅,川内・肝属川,153,大隅,川内・肝属川,253,所属とコード一致・森林存在地点のみ
鹿児島県,46501,中種子町,154,熊毛,川内・肝属川,154,熊毛,川内・肝属川,109,所属とコード一致・森林存在地点のみ
鹿児島県,46502,南種子町,154,熊毛,川内・肝属川,154,熊毛,川内・肝属川,101,所属とコード一致・森林存在地点のみ
鹿児島県,46505,屋久島町,154,熊毛,川内・肝属川,154,熊毛,川内・肝属川,308,所属とコード一致・森林存在地点のみ
鹿児島県,46523,大和村,155,奄美大島,川内・肝属川,155,奄美大島,川内・肝属川,60,所属とコード一致・森林存在地点のみ
鹿児島県,46524,宇検村,155,奄美大島,川内・肝属川,155,奄美大島,川内・肝属川,116,所属とコード一致・森林存在地点のみ
鹿児島県,46525,瀬戸内町,155,奄美大島,川内・肝属川,155,奄美大島,川内・肝属川,195,所属とコード一致・森林存在地点のみ
鹿児島県,46527,龍郷町,155,奄美大島,川内・肝属川,155,奄美大島,川内・肝属川,67,所属とコード一致・森林存在地点のみ
鹿児島県,46529,喜界町,155,奄美大島,川内・肝属川,155,奄美大島,川内・肝属川,13,所属とコード一致・森林存在地点のみ
鹿児島県,46530,徳之島町,155,奄美大島,川内・肝属川,155,奄美大島,川内・肝属川,65,所属とコード一致・森林存在地点のみ
鹿児島県,46531,天城町,155,奄美大島,川内・肝属川,155,奄美大島,川内・肝属川,61,所属とコード一致・森林存在地点のみ
鹿児島県,46532,伊仙町,155,奄美大島,川内・肝属川,155,奄美大島,川内・肝属川,24,所属とコード一致・森林存在地点のみ
鹿児島県,46533,和泊町,155,奄美大島,川内・肝属川,155,奄美大島,川内・肝属川,8,所属とコード一致・森林存在地点のみ
鹿児島県,46534,知名町,155,奄美大島,川内・肝属川,155,奄美大島,川内・肝属川,12,所属とコード一致・森林存在地点のみ
鹿児島県,46535,与論町,155,奄美大島,川内・肝属川,155,奄美大島,川内・肝属川,3,所属とコード一致・森林存在地点のみ
