municipality_code,prefecture,subprefecture,county,municipality,ward,district_code,district_name,basin_code,basin_name,coverage,match_method,matched_rule,verification_status,source_date,n03_date,source_page,source_url,basin_source_date,basin_source_url,checked_date,usable_for_final_polygon
01699,北海道,根室振興局,紗那郡,紗那村,,,,,,未確認,名称一致なし,,未対応・要調査,2010-02-01,2026-01-01,,https://www.e-stat.go.jp/SG1/estat/Pdfdl.do?sinfid=000012449985,2010-02-01,https://www.e-stat.go.jp/SG1/estat/Pdfdl.do?sinfid=000012449985,2026-10-03,false
03216,岩手県,,,滝沢市,,,,,,未確認,名称一致なし,,未対応・要調査,2010-02-01,2026-01-01,,https://www.e-stat.go.jp/SG1/estat/Pdfdl.do?sinfid=000012449985,2010-02-01,https://www.e-stat.go.jp/SG1/estat/Pdfdl.do?sinfid=000012449985,2026-10-03,false
12000,千葉県,,,所属未定地,,,,,,未確認,名称一致なし,,未対応・要調査,2010-02-01,2026-01-01,,https://www.e-stat.go.jp/SG1/estat/Pdfdl.do?sinfid=000012449985,2010-02-01,https://www.e-stat.go.jp/SG1/estat/Pdfdl.do?sinfid=000012449985,2026-10-03,false
12239,千葉県,,,大網白里市,,,,,,未確認,名称一致なし,,未対応・要調査,2010-02-01,2026-01-01,,https://www.e-stat.go.jp/SG1/estat/Pdfdl.do?sinfid=000012449985,2010-02-01,https://www.e-stat.go.jp/SG1/estat/Pdfdl.do?sinfid=000012449985,2026-10-03,false
13000,東京都,,,所属未定地,,,,,,未確認,名称一致なし,,未対応・要調査,2010-02-01,2026-01-01,,https://www.e-stat.go.jp/SG1/estat/Pdfdl.do?sinfid=000012449985,2010-02-01,https://www.e-stat.go.jp/SG1/estat/Pdfdl.do?sinfid=000012449985,2026-10-03,false
13363,東京都,,,新島村,,,,,,未確認,名称一致なし,,未対応・要調査,2010-02-01,2026-01-01,,https://www.e-stat.go.jp/SG1/estat/Pdfdl.do?sinfid=000012449985,2010-02-01,https://www.e-stat.go.jp/SG1/estat/Pdfdl.do?sinfid=000012449985,2026-10-03,false
17212,石川県,,,野々市市,,,,,,未確認,名称一致なし,,未対応・要調査,2010-02-01,2026-01-01,,https://www.e-stat.go.jp/SG1/estat/Pdfdl.do?sinfid=000012449985,2010-02-01,https://www.e-stat.go.jp/SG1/estat/Pdfdl.do?sinfid=000012449985,2026-10-03,false
17461,石川県,,鳳珠郡,穴水町,,,,,,未確認,名称一致なし,,未対応・要調査,2010-02-01,2026-01-01,,https://www.e-stat.go.jp/SG1/estat/Pdfdl.do?sinfid=000012449985,2010-02-01,https://www.e-stat.go.jp/SG1/estat/Pdfdl.do?sinfid=000012449985,2026-10-03,false
17463,石川県,,鳳珠郡,能登町,,,,,,未確認,名称一致なし,,未対応・要調査,2010-02-01,2026-01-01,,https://www.e-stat.go.jp/SG1/estat/Pdfdl.do?sinfid=000012449985,2010-02-01,https://www.e-stat.go.jp/SG1/estat/Pdfdl.do?sinfid=000012449985,2026-10-03,false
21221,岐阜県,,,海津市,,,,,,未確認,名称一致なし,,未対応・要調査,2010-02-01,2026-01-01,,https://www.e-stat.go.jp/SG1/estat/Pdfdl.do?sinfid=000012449985,2010-02-01,https://www.e-stat.go.jp/SG1/estat/Pdfdl.do?sinfid=000012449985,2026-10-03,false
23000,愛知県,,,所属未定地,,,,,,未確認,名称一致なし,,未対応・要調査,2010-02-01,2026-01-01,,https://www.e-stat.go.jp/SG1/estat/Pdfdl.do?sinfid=000012449985,2010-02-01,https://www.e-stat.go.jp/SG1/estat/Pdfdl.do?sinfid=000012449985,2026-10-03,false
23237,愛知県,,,あま市,,,,,,未確認,名称一致なし,,未対応・要調査,2010-02-01,2026-01-01,,https://www.e-stat.go.jp/SG1/estat/Pdfdl.do?sinfid=000012449985,2010-02-01,https://www.e-stat.go.jp/SG1/estat/Pdfdl.do?sinfid=000012449985,2026-10-03,false
23238,愛知県,,,長久手市,,,,,,未確認,名称一致なし,,未対応・要調査,2010-02-01,2026-01-01,,https://www.e-stat.go.jp/SG1/estat/Pdfdl.do?sinfid=000012449985,2010-02-01,https://www.e-stat.go.jp/SG1/estat/Pdfdl.do?sinfid=000012449985,2026-10-03,false
28221,兵庫県,,,丹波篠山市,,,,,,未確認,名称一致なし,,未対応・要調査,2010-02-01,2026-01-01,,https://www.e-stat.go.jp/SG1/estat/Pdfdl.do?sinfid=000012449985,2010-02-01,https://www.e-stat.go.jp/SG1/estat/Pdfdl.do?sinfid=000012449985,2026-10-03,false
30000,和歌山県,,,所属未定地,,,,,,未確認,名称一致なし,,未対応・要調査,2010-02-01,2026-01-01,,https://www.e-stat.go.jp/SG1/estat/Pdfdl.do?sinfid=000012449985,2010-02-01,https://www.e-stat.go.jp/SG1/estat/Pdfdl.do?sinfid=000012449985,2026-10-03,false
39212,高知県,,,香美市,,,,,,未確認,名称一致なし,,未対応・要調査,2010-02-01,2026-01-01,,https://www.e-stat.go.jp/SG1/estat/Pdfdl.do?sinfid=000012449985,2010-02-01,https://www.e-stat.go.jp/SG1/estat/Pdfdl.do?sinfid=000012449985,2026-10-03,false
40000,福岡県,,,所属未定地,,,,,,未確認,名称一致なし,,未対応・要調査,2010-02-01,2026-01-01,,https://www.e-stat.go.jp/SG1/estat/Pdfdl.do?sinfid=000012449985,2010-02-01,https://www.e-stat.go.jp/SG1/estat/Pdfdl.do?sinfid=000012449985,2026-10-03,false
40231,福岡県,,,那珂川市,,,,,,未確認,名称一致なし,,未対応・要調査,2010-02-01,2026-01-01,,https://www.e-stat.go.jp/SG1/estat/Pdfdl.do?sinfid=000012449985,2010-02-01,https://www.e-stat.go.jp/SG1/estat/Pdfdl.do?sinfid=000012449985,2026-10-03,false
46000,鹿児島県,,,所属未定地,,,,,,未確認,名称一致なし,,未対応・要調査,2010-02-01,2026-01-01,,https://www.e-stat.go.jp/SG1/estat/Pdfdl.do?sinfid=000012449985,2010-02-01,https://www.e-stat.go.jp/SG1/estat/Pdfdl.do?sinfid=000012449985,2026-10-03,false
47000,沖縄県,,,所属未定地,,,,,,未確認,名称一致なし,,未対応・要調査,2010-02-01,2026-01-01,,https://www.e-stat.go.jp/SG1/estat/Pdfdl.do?sinfid=000012449985,2010-02-01,https://www.e-stat.go.jp/SG1/estat/Pdfdl.do?sinfid=000012449985,2026-10-03,false
