municipality_code,coordinate_zone,forest_features_intersecting_part,forest_features_in_municipality,meaning
13421,14,59,60,森林所在のみ・行政上の区域全体は未確認
13421,18,0,60,森林所在のみ・行政上の区域全体は未確認
13421,19,1,60,森林所在のみ・行政上の区域全体は未確認
46215,1,172,872,森林所在のみ・行政上の区域全体は未確認
46215,2,700,872,森林所在のみ・行政上の区域全体は未確認
46220,1,1,234,森林所在のみ・行政上の区域全体は未確認
46220,2,233,234,森林所在のみ・行政上の区域全体は未確認
46303,1,10,21,森林所在のみ・行政上の区域全体は未確認
46303,2,11,21,森林所在のみ・行政上の区域全体は未確認
46304,1,22,22,森林所在のみ・行政上の区域全体は未確認
46304,2,0,22,森林所在のみ・行政上の区域全体は未確認
