municipality_code,prefecture,municipality,forest_layer_checked,forest_features,observed_district,observed_basin,review_status
01699,北海道,紗那村,yes,1,,,森林側属性空欄・要照会
03216,岩手県,滝沢市,no,0,,,対象県の森林GIS未提供
12000,千葉県,所属未定地,no,0,,,対象県の森林GIS未提供
12239,千葉県,大網白里市,no,0,,,対象県の森林GIS未提供
13000,東京都,所属未定地,yes,0,,,提供4道県内に森林側地物なし・要照会
13363,東京都,新島村,yes,36,伊豆諸島,利根川,森林側所属あり・候補未割当・要照会
17212,石川県,野々市市,no,0,,,対象県の森林GIS未提供
17461,石川県,穴水町,no,0,,,対象県の森林GIS未提供
17463,石川県,能登町,no,0,,,対象県の森林GIS未提供
21221,岐阜県,海津市,no,0,,,対象県の森林GIS未提供
23000,愛知県,所属未定地,no,0,,,対象県の森林GIS未提供
23237,愛知県,あま市,no,0,,,対象県の森林GIS未提供
23238,愛知県,長久手市,no,0,,,対象県の森林GIS未提供
28221,兵庫県,丹波篠山市,no,0,,,対象県の森林GIS未提供
30000,和歌山県,所属未定地,no,0,,,対象県の森林GIS未提供
39212,高知県,香美市,no,0,,,対象県の森林GIS未提供
40000,福岡県,所属未定地,no,0,,,対象県の森林GIS未提供
40231,福岡県,那珂川市,no,0,,,対象県の森林GIS未提供
46000,鹿児島県,所属未定地,yes,0,,,提供4道県内に森林側地物なし・要照会
47000,沖縄県,所属未定地,yes,0,,,提供4道県内に森林側地物なし・要照会
