code,prefecture,subprefecture,county,municipality,ward,zones,polygons
01101,北海道,石狩振興局,,札幌市,中央区,12,1
01102,北海道,石狩振興局,,札幌市,北区,12,1
01103,北海道,石狩振興局,,札幌市,東区,12,1
01104,北海道,石狩振興局,,札幌市,白石区,12,1
01105,北海道,石狩振興局,,札幌市,豊平区,12,1
01106,北海道,石狩振興局,,札幌市,南区,12,1
01107,北海道,石狩振興局,,札幌市,西区,12,1
01108,北海道,石狩振興局,,札幌市,厚別区,12,1
01109,北海道,石狩振興局,,札幌市,手稲区,12,1
01110,北海道,石狩振興局,,札幌市,清田区,12,1
01202,北海道,渡島総合振興局,,函館市,,11,140
01203,北海道,後志総合振興局,,小樽市,,11,618
01204,北海道,上川総合振興局,,旭川市,,12,1
01205,北海道,胆振総合振興局,,室蘭市,,12,139
01206,北海道,釧路総合振興局,,釧路市,,13,46
01207,北海道,十勝総合振興局,,帯広市,,13,1
01208,北海道,オホーツク総合振興局,,北見市,,13,1
01209,北海道,空知総合振興局,,夕張市,,12,1
01210,北海道,空知総合振興局,,岩見沢市,,12,1
01211,北海道,オホーツク総合振興局,,網走市,,13,14
01212,北海道,留萌振興局,,留萌市,,12,14
01213,北海道,胆振総合振興局,,苫小牧市,,12,8
01214,北海道,宗谷総合振興局,,稚内市,,12,18
01215,北海道,空知総合振興局,,美唄市,,12,1
01216,北海道,空知総合振興局,,芦別市,,12,1
01217,北海道,石狩振興局,,江別市,,12,1
01218,北海道,空知総合振興局,,赤平市,,12,1
01219,北海道,オホーツク総合振興局,,紋別市,,12,10
01220,北海道,上川総合振興局,,士別市,,12,1
01221,北海道,上川総合振興局,,名寄市,,12,1
01222,北海道,空知総合振興局,,三笠市,,12,1
01223,北海道,根室振興局,,根室市,,13,1243
01224,北海道,石狩振興局,,千歳市,,12,1
01225,北海道,空知総合振興局,,滝川市,,12,1
01226,北海道,空知総合振興局,,砂川市,,12,1
01227,北海道,空知総合振興局,,歌志内市,,12,1
01228,北海道,空知総合振興局,,深川市,,12,1
01229,北海道,上川総合振興局,,富良野市,,12,1
01230,北海道,胆振総合振興局,,登別市,,12,1
01231,北海道,石狩振興局,,恵庭市,,12,1
01233,北海道,胆振総合振興局,,伊達市,,11,27
01234,北海道,石狩振興局,,北広島市,,12,1
01235,北海道,石狩振興局,,石狩市,,12,122
01236,北海道,渡島総合振興局,,北斗市,,11,7
01303,北海道,石狩振興局,石狩郡,当別町,,12,1
01304,北海道,石狩振興局,石狩郡,新篠津村,,12,1
01331,北海道,渡島総合振興局,松前郡,松前町,,11,916
01332,北海道,渡島総合振興局,松前郡,福島町,,11,94
01333,北海道,渡島総合振興局,上磯郡,知内町,,11,53
01334,北海道,渡島総合振興局,上磯郡,木古内町,,11,2
01337,北海道,渡島総合振興局,亀田郡,七飯町,,11,1
01343,北海道,渡島総合振興局,茅部郡,鹿部町,,11,1
01345,北海道,渡島総合振興局,茅部郡,森町,,11,7
01346,北海道,渡島総合振興局,二海郡,八雲町,,11,42
01347,北海道,渡島総合振興局,山越郡,長万部町,,11,21
01361,北海道,檜山振興局,檜山郡,江差町,,11,37
01362,北海道,檜山振興局,檜山郡,上ノ国町,,11,287
01363,北海道,檜山振興局,檜山郡,厚沢部町,,11,1
01364,北海道,檜山振興局,爾志郡,乙部町,,11,40
01367,北海道,檜山振興局,奥尻郡,奥尻町,,11,821
01370,北海道,檜山振興局,瀬棚郡,今金町,,11,1
01371,北海道,檜山振興局,久遠郡,せたな町,,11,335
01391,北海道,後志総合振興局,島牧郡,島牧村,,11,69
01392,北海道,後志総合振興局,寿都郡,寿都町,,11,25
01393,北海道,後志総合振興局,寿都郡,黒松内町,,11,1
01394,北海道,後志総合振興局,磯谷郡,蘭越町,,11,1
01395,北海道,後志総合振興局,虻田郡,ニセコ町,,11,1
01396,北海道,後志総合振興局,虻田郡,真狩村,,11,1
01397,北海道,後志総合振興局,虻田郡,留寿都村,,11,1
01398,北海道,後志総合振興局,虻田郡,喜茂別町,,11,1
01399,北海道,後志総合振興局,虻田郡,京極町,,11,1
01400,北海道,後志総合振興局,虻田郡,倶知安町,,11,1
01401,北海道,後志総合振興局,岩内郡,共和町,,11,1
01402,北海道,後志総合振興局,岩内郡,岩内町,,11,19
01403,北海道,後志総合振興局,古宇郡,泊村,,11,190
01404,北海道,後志総合振興局,古宇郡,神恵内村,,11,317
01405,北海道,後志総合振興局,積丹郡,積丹町,,11,550
01406,北海道,後志総合振興局,古平郡,古平町,,11,427
01407,北海道,後志総合振興局,余市郡,仁木町,,11,1
01408,北海道,後志総合振興局,余市郡,余市町,,11,166
01409,北海道,後志総合振興局,余市郡,赤井川村,,11,1
01423,北海道,空知総合振興局,空知郡,南幌町,,12,1
01424,北海道,空知総合振興局,空知郡,奈井江町,,12,1
01425,北海道,空知総合振興局,空知郡,上砂川町,,12,1
01427,北海道,空知総合振興局,夕張郡,由仁町,,12,1
01428,北海道,空知総合振興局,夕張郡,長沼町,,12,1
01429,北海道,空知総合振興局,夕張郡,栗山町,,12,1
01430,北海道,空知総合振興局,樺戸郡,月形町,,12,1
01431,北海道,空知総合振興局,樺戸郡,浦臼町,,12,1
01432,北海道,空知総合振興局,樺戸郡,新十津川町,,12,1
01433,北海道,空知総合振興局,雨竜郡,妹背牛町,,12,1
01434,北海道,空知総合振興局,雨竜郡,秩父別町,,12,1
01436,北海道,空知総合振興局,雨竜郡,雨竜町,,12,1
01437,北海道,空知総合振興局,雨竜郡,北竜町,,12,1
01438,北海道,空知総合振興局,雨竜郡,沼田町,,12,1
01452,北海道,上川総合振興局,上川郡,鷹栖町,,12,1
01453,北海道,上川総合振興局,上川郡,東神楽町,,12,1
01454,北海道,上川総合振興局,上川郡,当麻町,,12,1
01455,北海道,上川総合振興局,上川郡,比布町,,12,1
01456,北海道,上川総合振興局,上川郡,愛別町,,12,1
01457,北海道,上川総合振興局,上川郡,上川町,,12,1
01458,北海道,上川総合振興局,上川郡,東川町,,12,1
01459,北海道,上川総合振興局,上川郡,美瑛町,,12,1
01460,北海道,上川総合振興局,空知郡,上富良野町,,12,1
01461,北海道,上川総合振興局,空知郡,中富良野町,,12,1
01462,北海道,上川総合振興局,空知郡,南富良野町,,12,1
01463,北海道,上川総合振興局,勇払郡,占冠村,,12,1
01464,北海道,上川総合振興局,上川郡,和寒町,,12,1
01465,北海道,上川総合振興局,上川郡,剣淵町,,12,1
01468,北海道,上川総合振興局,上川郡,下川町,,12,1
01469,北海道,上川総合振興局,中川郡,美深町,,12,1
01470,北海道,上川総合振興局,中川郡,音威子府村,,12,1
01471,北海道,上川総合振興局,中川郡,中川町,,12,1
01472,北海道,上川総合振興局,雨竜郡,幌加内町,,12,1
01481,北海道,留萌振興局,増毛郡,増毛町,,12,96
01482,北海道,留萌振興局,留萌郡,小平町,,12,3
01483,北海道,留萌振興局,苫前郡,苫前町,,12,4
01484,北海道,留萌振興局,苫前郡,羽幌町,,12,98
01485,北海道,留萌振興局,苫前郡,初山別村,,12,2
01486,北海道,留萌振興局,天塩郡,遠別町,,12,3
01487,北海道,留萌振興局,天塩郡,天塩町,,12,2
01511,北海道,宗谷総合振興局,宗谷郡,猿払村,,12,6
01512,北海道,宗谷総合振興局,枝幸郡,浜頓別町,,12,16
01513,北海道,宗谷総合振興局,枝幸郡,中頓別町,,12,1
01514,北海道,宗谷総合振興局,枝幸郡,枝幸町,,12,35
01516,北海道,宗谷総合振興局,天塩郡,豊富町,,12,2
01517,北海道,宗谷総合振興局,礼文郡,礼文町,,12,570
01518,北海道,宗谷総合振興局,利尻郡,利尻町,,12,82
01519,北海道,宗谷総合振興局,利尻郡,利尻富士町,,12,21
01520,北海道,宗谷総合振興局,天塩郡,幌延町,,12,1
01543,北海道,オホーツク総合振興局,網走郡,美幌町,,13,1
01544,北海道,オホーツク総合振興局,網走郡,津別町,,13,1
01545,北海道,オホーツク総合振興局,斜里郡,斜里町,,13,83
01546,北海道,オホーツク総合振興局,斜里郡,清里町,,13,1
01547,北海道,オホーツク総合振興局,斜里郡,小清水町,,13,1
01549,北海道,オホーツク総合振興局,常呂郡,訓子府町,,13,1
01550,北海道,オホーツク総合振興局,常呂郡,置戸町,,13,1
01552,北海道,オホーツク総合振興局,常呂郡,佐呂間町,,13,1
01555,北海道,オホーツク総合振興局,紋別郡,遠軽町,,12,1
01559,北海道,オホーツク総合振興局,紋別郡,湧別町,,12,2
01560,北海道,オホーツク総合振興局,紋別郡,滝上町,,12,1
01561,北海道,オホーツク総合振興局,紋別郡,興部町,,12,44
01562,北海道,オホーツク総合振興局,紋別郡,西興部村,,12,1
01563,北海道,オホーツク総合振興局,紋別郡,雄武町,,12,9
01564,北海道,オホーツク総合振興局,網走郡,大空町,,13,1
01571,北海道,胆振総合振興局,虻田郡,豊浦町,,11,44
01575,北海道,胆振総合振興局,有珠郡,壮瞥町,,11,1
01578,北海道,胆振総合振興局,白老郡,白老町,,12,8
01581,北海道,胆振総合振興局,勇払郡,厚真町,,12,3
01584,北海道,胆振総合振興局,虻田郡,洞爺湖町,,11,3
01585,北海道,胆振総合振興局,勇払郡,安平町,,12,1
01586,北海道,胆振総合振興局,勇払郡,むかわ町,,12,1
01601,北海道,日高振興局,沙流郡,日高町,,12,4
01602,北海道,日高振興局,沙流郡,平取町,,12,1
01604,北海道,日高振興局,新冠郡,新冠町,,12,7
01607,北海道,日高振興局,浦河郡,浦河町,,12,3
01608,北海道,日高振興局,様似郡,様似町,,12,25
01609,北海道,日高振興局,幌泉郡,えりも町,,12,157
01610,北海道,日高振興局,日高郡,新ひだか町,,12,28
01631,北海道,十勝総合振興局,河東郡,音更町,,13,1
01632,北海道,十勝総合振興局,河東郡,士幌町,,13,1
01633,北海道,十勝総合振興局,河東郡,上士幌町,,13,1
01634,北海道,十勝総合振興局,河東郡,鹿追町,,13,1
01635,北海道,十勝総合振興局,上川郡,新得町,,13,1
01636,北海道,十勝総合振興局,上川郡,清水町,,13,1
01637,北海道,十勝総合振興局,河西郡,芽室町,,13,1
01638,北海道,十勝総合振興局,河西郡,中札内村,,13,1
01639,北海道,十勝総合振興局,河西郡,更別村,,13,1
01641,北海道,十勝総合振興局,広尾郡,大樹町,,13,2
01642,北海道,十勝総合振興局,広尾郡,広尾町,,13,128
01643,北海道,十勝総合振興局,中川郡,幕別町,,13,1
01644,北海道,十勝総合振興局,中川郡,池田町,,13,1
01645,北海道,十勝総合振興局,中川郡,豊頃町,,13,1
01646,北海道,十勝総合振興局,中川郡,本別町,,13,1
01647,北海道,十勝総合振興局,足寄郡,足寄町,,13,1
01648,北海道,十勝総合振興局,足寄郡,陸別町,,13,1
01649,北海道,十勝総合振興局,十勝郡,浦幌町,,13,2
01661,北海道,釧路総合振興局,釧路郡,釧路町,,13,8
01662,北海道,釧路総合振興局,厚岸郡,厚岸町,,13,38
01663,北海道,釧路総合振興局,厚岸郡,浜中町,,13,135
01664,北海道,釧路総合振興局,川上郡,標茶町,,13,1
01665,北海道,釧路総合振興局,川上郡,弟子屈町,,13,1
01667,北海道,釧路総合振興局,阿寒郡,鶴居村,,13,1
01668,北海道,釧路総合振興局,白糠郡,白糠町,,13,4
01691,北海道,根室振興局,野付郡,別海町,,13,19
01692,北海道,根室振興局,標津郡,中標津町,,13,1
01693,北海道,根室振興局,標津郡,標津町,,13,1
01694,北海道,根室振興局,目梨郡,羅臼町,,13,192
01695,北海道,根室振興局,色丹郡,色丹村,,13,64
01696,北海道,根室振興局,国後郡,泊村,,13,74
01697,北海道,根室振興局,国後郡,留夜別村,,13,56
01698,北海道,根室振興局,択捉郡,留別村,,13,89
01699,北海道,根室振興局,紗那郡,紗那村,,13,121
01700,北海道,根室振興局,蘂取郡,蘂取村,,13,322
02201,青森県,,,青森市,,10,13
02202,青森県,,,弘前市,,10,1
02203,青森県,,,八戸市,,10,263
02204,青森県,,,黒石市,,10,1
02205,青森県,,,五所川原市,,10,34
02206,青森県,,,十和田市,,10,1
02207,青森県,,,三沢市,,10,2
02208,青森県,,,むつ市,,10,107
02209,青森県,,,つがる市,,10,2
02210,青森県,,,平川市,,10,1
02301,青森県,,東津軽郡,平内町,,10,16
02303,青森県,,東津軽郡,今別町,,10,31
02304,青森県,,東津軽郡,蓬田村,,10,1
02307,青森県,,東津軽郡,外ヶ浜町,,10,213
02321,青森県,,西津軽郡,鰺ヶ沢町,,10,1
02323,青森県,,西津軽郡,深浦町,,10,741
02343,青森県,,中津軽郡,西目屋村,,10,1
02361,青森県,,南津軽郡,藤崎町,,10,1
02362,青森県,,南津軽郡,大鰐町,,10,1
02367,青森県,,南津軽郡,田舎館村,,10,1
02381,青森県,,北津軽郡,板柳町,,10,1
02384,青森県,,北津軽郡,鶴田町,,10,1
02387,青森県,,北津軽郡,中泊町,,10,168
02401,青森県,,上北郡,野辺地町,,10,2
02402,青森県,,上北郡,七戸町,,10,1
02405,青森県,,上北郡,六戸町,,10,1
02406,青森県,,上北郡,横浜町,,10,2
02408,青森県,,上北郡,東北町,,10,2
02411,青森県,,上北郡,六ヶ所村,,10,17
02412,青森県,,上北郡,おいらせ町,,10,1
02423,青森県,,下北郡,大間町,,10,25
02424,青森県,,下北郡,東通村,,10,180
02425,青森県,,下北郡,風間浦村,,10,128
02426,青森県,,下北郡,佐井村,,10,278
02441,青森県,,三戸郡,三戸町,,10,1
02442,青森県,,三戸郡,五戸町,,10,1
02443,青森県,,三戸郡,田子町,,10,1
02445,青森県,,三戸郡,南部町,,10,1
02446,青森県,,三戸郡,階上町,,10,59
02450,青森県,,三戸郡,新郷村,,10,1
03201,岩手県,,,盛岡市,,10,1
03202,岩手県,,,宮古市,,10,1823
03203,岩手県,,,大船渡市,,10,1773
03205,岩手県,,,花巻市,,10,1
03206,岩手県,,,北上市,,10,1
03207,岩手県,,,久慈市,,10,803
03208,岩手県,,,遠野市,,10,1
03209,岩手県,,,一関市,,10,1
03210,岩手県,,,陸前高田市,,10,353
03211,岩手県,,,釜石市,,10,1229
03213,岩手県,,,二戸市,,10,1
03214,岩手県,,,八幡平市,,10,1
03215,岩手県,,,奥州市,,10,1
03216,岩手県,,,滝沢市,,10,1
03301,岩手県,,岩手郡,雫石町,,10,1
03302,岩手県,,岩手郡,葛巻町,,10,1
03303,岩手県,,岩手郡,岩手町,,10,1
03321,岩手県,,紫波郡,紫波町,,10,1
03322,岩手県,,紫波郡,矢巾町,,10,1
03366,岩手県,,和賀郡,西和賀町,,10,1
03381,岩手県,,胆沢郡,金ケ崎町,,10,1
03402,岩手県,,西磐井郡,平泉町,,10,1
03441,岩手県,,気仙郡,住田町,,10,1
03461,岩手県,,上閉伊郡,大槌町,,10,154
03482,岩手県,,下閉伊郡,山田町,,10,623
03483,岩手県,,下閉伊郡,岩泉町,,10,235
03484,岩手県,,下閉伊郡,田野畑村,,10,511
03485,岩手県,,下閉伊郡,普代村,,10,302
03501,岩手県,,九戸郡,軽米町,,10,1
03503,岩手県,,九戸郡,野田村,,10,80
03506,岩手県,,九戸郡,九戸村,,10,1
03507,岩手県,,九戸郡,洋野町,,10,317
03524,岩手県,,二戸郡,一戸町,,10,1
04101,宮城県,,,仙台市,青葉区,10,1
04102,宮城県,,,仙台市,宮城野区,10,5
04103,宮城県,,,仙台市,若林区,10,1
04104,宮城県,,,仙台市,太白区,10,1
04105,宮城県,,,仙台市,泉区,10,1
04202,宮城県,,,石巻市,,10,3293
04203,宮城県,,,塩竈市,,10,261
04205,宮城県,,,気仙沼市,,10,1303
04206,宮城県,,,白石市,,10,1
04207,宮城県,,,名取市,,10,1
04208,宮城県,,,角田市,,10,1
04209,宮城県,,,多賀城市,,10,1
04211,宮城県,,,岩沼市,,10,1
04212,宮城県,,,登米市,,10,1
04213,宮城県,,,栗原市,,10,1
04214,宮城県,,,東松島市,,10,254
04215,宮城県,,,大崎市,,10,1
04216,宮城県,,,富谷市,,10,1
04301,宮城県,,刈田郡,蔵王町,,10,1
04302,宮城県,,刈田郡,七ヶ宿町,,10,1
04321,宮城県,,柴田郡,大河原町,,10,1
04322,宮城県,,柴田郡,村田町,,10,1
04323,宮城県,,柴田郡,柴田町,,10,1
04324,宮城県,,柴田郡,川崎町,,10,1
04341,宮城県,,伊具郡,丸森町,,10,1
04361,宮城県,,亘理郡,亘理町,,10,1
04362,宮城県,,亘理郡,山元町,,10,1
04401,宮城県,,宮城郡,松島町,,10,126
04404,宮城県,,宮城郡,七ヶ浜町,,10,84
04406,宮城県,,宮城郡,利府町,,10,23
04421,宮城県,,黒川郡,大和町,,10,1
04422,宮城県,,黒川郡,大郷町,,10,1
04424,宮城県,,黒川郡,大衡村,,10,1
04444,宮城県,,加美郡,色麻町,,10,1
04445,宮城県,,加美郡,加美町,,10,1
04501,宮城県,,遠田郡,涌谷町,,10,1
04505,宮城県,,遠田郡,美里町,,10,1
04581,宮城県,,牡鹿郡,女川町,,10,1086
04606,宮城県,,本吉郡,南三陸町,,10,1875
05201,秋田県,,,秋田市,,10,10
05202,秋田県,,,能代市,,10,5
05203,秋田県,,,横手市,,10,1
05204,秋田県,,,大館市,,10,1
05206,秋田県,,,男鹿市,,10,2024
05207,秋田県,,,湯沢市,,10,1
05209,秋田県,,,鹿角市,,10,1
05210,秋田県,,,由利本荘市,,10,3
05211,秋田県,,,潟上市,,10,1
05212,秋田県,,,大仙市,,10,1
05213,秋田県,,,北秋田市,,10,1
05214,秋田県,,,にかほ市,,10,40
05215,秋田県,,,仙北市,,10,1
05303,秋田県,,鹿角郡,小坂町,,10,1
05327,秋田県,,北秋田郡,上小阿仁村,,10,1
05346,秋田県,,山本郡,藤里町,,10,1
05348,秋田県,,山本郡,三種町,,10,1
05349,秋田県,,山本郡,八峰町,,10,357
05361,秋田県,,南秋田郡,五城目町,,10,2
05363,秋田県,,南秋田郡,八郎潟町,,10,1
05366,秋田県,,南秋田郡,井川町,,10,1
05368,秋田県,,南秋田郡,大潟村,,10,1
05434,秋田県,,仙北郡,美郷町,,10,1
05463,秋田県,,雄勝郡,羽後町,,10,1
05464,秋田県,,雄勝郡,東成瀬村,,10,1
06201,山形県,,,山形市,,10,1
06202,山形県,,,米沢市,,10,4
06203,山形県,,,鶴岡市,,10,572
06204,山形県,,,酒田市,,10,70
06205,山形県,,,新庄市,,10,4
06206,山形県,,,寒河江市,,10,2
06207,山形県,,,上山市,,10,1
06208,山形県,,,村山市,,10,1
06209,山形県,,,長井市,,10,1
06210,山形県,,,天童市,,10,3
06211,山形県,,,東根市,,10,1
06212,山形県,,,尾花沢市,,10,1
06213,山形県,,,南陽市,,10,1
06301,山形県,,東村山郡,山辺町,,10,1
06302,山形県,,東村山郡,中山町,,10,2
06321,山形県,,西村山郡,河北町,,10,1
06322,山形県,,西村山郡,西川町,,10,1
06323,山形県,,西村山郡,朝日町,,10,1
06324,山形県,,西村山郡,大江町,,10,11
06341,山形県,,北村山郡,大石田町,,10,1
06361,山形県,,最上郡,金山町,,10,2
06362,山形県,,最上郡,最上町,,10,1
06363,山形県,,最上郡,舟形町,,10,5
06364,山形県,,最上郡,真室川町,,10,4
06365,山形県,,最上郡,大蔵村,,10,10
06366,山形県,,最上郡,鮭川村,,10,1
06367,山形県,,最上郡,戸沢村,,10,1
06381,山形県,,東置賜郡,高畠町,,10,3
06382,山形県,,東置賜郡,川西町,,10,3
06401,山形県,,西置賜郡,小国町,,10,1
06402,山形県,,西置賜郡,白鷹町,,10,1
06403,山形県,,西置賜郡,飯豊町,,10,1
06426,山形県,,東田川郡,三川町,,10,1
06428,山形県,,東田川郡,庄内町,,10,1
06461,山形県,,飽海郡,遊佐町,,10,6
07201,福島県,,,福島市,,9,1
07202,福島県,,,会津若松市,,9,1
07203,福島県,,,郡山市,,9,1
07204,福島県,,,いわき市,,9,127
07205,福島県,,,白河市,,9,1
07207,福島県,,,須賀川市,,9,1
07208,福島県,,,喜多方市,,9,2
07209,福島県,,,相馬市,,9,3
07210,福島県,,,二本松市,,9,1
07211,福島県,,,田村市,,9,1
07212,福島県,,,南相馬市,,9,9
07213,福島県,,,伊達市,,9,1
07214,福島県,,,本宮市,,9,1
07301,福島県,,伊達郡,桑折町,,9,1
07303,福島県,,伊達郡,国見町,,9,1
07308,福島県,,伊達郡,川俣町,,9,1
07322,福島県,,安達郡,大玉村,,9,2
07342,福島県,,岩瀬郡,鏡石町,,9,1
07344,福島県,,岩瀬郡,天栄村,,9,4
07362,福島県,,南会津郡,下郷町,,9,1
07364,福島県,,南会津郡,檜枝岐村,,9,1
07367,福島県,,南会津郡,只見町,,9,1
07368,福島県,,南会津郡,南会津町,,9,1
07402,福島県,,耶麻郡,北塩原村,,9,1
07405,福島県,,耶麻郡,西会津町,,9,1
07407,福島県,,耶麻郡,磐梯町,,9,1
07408,福島県,,耶麻郡,猪苗代町,,9,1
07421,福島県,,河沼郡,会津坂下町,,9,1
07422,福島県,,河沼郡,湯川村,,9,1
07423,福島県,,河沼郡,柳津町,,9,1
07444,福島県,,大沼郡,三島町,,9,1
07445,福島県,,大沼郡,金山町,,9,1
07446,福島県,,大沼郡,昭和村,,9,1
07447,福島県,,大沼郡,会津美里町,,9,1
07461,福島県,,西白河郡,西郷村,,9,1
07464,福島県,,西白河郡,泉崎村,,9,1
07465,福島県,,西白河郡,中島村,,9,1
07466,福島県,,西白河郡,矢吹町,,9,4
07481,福島県,,東白川郡,棚倉町,,9,1
07482,福島県,,東白川郡,矢祭町,,9,1
07483,福島県,,東白川郡,塙町,,9,1
07484,福島県,,東白川郡,鮫川村,,9,1
07501,福島県,,石川郡,石川町,,9,1
07502,福島県,,石川郡,玉川村,,9,1
07503,福島県,,石川郡,平田村,,9,1
07504,福島県,,石川郡,浅川町,,9,1
07505,福島県,,石川郡,古殿町,,9,1
07521,福島県,,田村郡,三春町,,9,1
07522,福島県,,田村郡,小野町,,9,1
07541,福島県,,双葉郡,広野町,,9,3
07542,福島県,,双葉郡,楢葉町,,9,2
07543,福島県,,双葉郡,富岡町,,9,7
07544,福島県,,双葉郡,川内村,,9,1
07545,福島県,,双葉郡,大熊町,,9,4
07546,福島県,,双葉郡,双葉町,,9,1
07547,福島県,,双葉郡,浪江町,,9,8
07548,福島県,,双葉郡,葛尾村,,9,1
07561,福島県,,相馬郡,新地町,,9,8
07564,福島県,,相馬郡,飯舘村,,9,1
08201,茨城県,,,水戸市,,9,1
08202,茨城県,,,日立市,,9,32
08203,茨城県,,,土浦市,,9,1
08204,茨城県,,,古河市,,9,1
08205,茨城県,,,石岡市,,9,1
08207,茨城県,,,結城市,,9,1
08208,茨城県,,,龍ケ崎市,,9,2
08210,茨城県,,,下妻市,,9,2
08211,茨城県,,,常総市,,9,1
08212,茨城県,,,常陸太田市,,9,1
08214,茨城県,,,高萩市,,9,7
08215,茨城県,,,北茨城市,,9,25
08216,茨城県,,,笠間市,,9,1
08217,茨城県,,,取手市,,9,1
08219,茨城県,,,牛久市,,9,1
08220,茨城県,,,つくば市,,9,1
08221,茨城県,,,ひたちなか市,,9,4
08222,茨城県,,,鹿嶋市,,9,3
08223,茨城県,,,潮来市,,9,1
08224,茨城県,,,守谷市,,9,1
08225,茨城県,,,常陸大宮市,,9,1
08226,茨城県,,,那珂市,,9,1
08227,茨城県,,,筑西市,,9,1
08228,茨城県,,,坂東市,,9,3
08229,茨城県,,,稲敷市,,9,1
08230,茨城県,,,かすみがうら市,,9,1
08231,茨城県,,,桜川市,,9,1
08232,茨城県,,,神栖市,,9,5
08233,茨城県,,,行方市,,9,1
08234,茨城県,,,鉾田市,,9,1
08235,茨城県,,,つくばみらい市,,9,1
08236,茨城県,,,小美玉市,,9,1
08302,茨城県,,東茨城郡,茨城町,,9,1
08309,茨城県,,東茨城郡,大洗町,,9,99
08310,茨城県,,東茨城郡,城里町,,9,1
08341,茨城県,,那珂郡,東海村,,9,3
08364,茨城県,,久慈郡,大子町,,9,1
08442,茨城県,,稲敷郡,美浦村,,9,1
08443,茨城県,,稲敷郡,阿見町,,9,1
08447,茨城県,,稲敷郡,河内町,,9,1
08521,茨城県,,結城郡,八千代町,,9,1
08542,茨城県,,猿島郡,五霞町,,9,1
08546,茨城県,,猿島郡,境町,,9,3
08564,茨城県,,北相馬郡,利根町,,9,1
09201,栃木県,,,宇都宮市,,9,1
09202,栃木県,,,足利市,,9,1
09203,栃木県,,,栃木市,,9,1
09204,栃木県,,,佐野市,,9,2
09205,栃木県,,,鹿沼市,,9,1
09206,栃木県,,,日光市,,9,1
09208,栃木県,,,小山市,,9,1
09209,栃木県,,,真岡市,,9,1
09210,栃木県,,,大田原市,,9,1
09211,栃木県,,,矢板市,,9,1
09213,栃木県,,,那須塩原市,,9,2
09214,栃木県,,,さくら市,,9,1
09215,栃木県,,,那須烏山市,,9,1
09216,栃木県,,,下野市,,9,1
09301,栃木県,,河内郡,上三川町,,9,2
09342,栃木県,,芳賀郡,益子町,,9,1
09343,栃木県,,芳賀郡,茂木町,,9,1
09344,栃木県,,芳賀郡,市貝町,,9,1
09345,栃木県,,芳賀郡,芳賀町,,9,1
09361,栃木県,,下都賀郡,壬生町,,9,1
09364,栃木県,,下都賀郡,野木町,,9,1
09384,栃木県,,塩谷郡,塩谷町,,9,1
09386,栃木県,,塩谷郡,高根沢町,,9,1
09407,栃木県,,那須郡,那須町,,9,1
09411,栃木県,,那須郡,那珂川町,,9,1
10201,群馬県,,,前橋市,,9,1
10202,群馬県,,,高崎市,,9,2
10203,群馬県,,,桐生市,,9,2
10204,群馬県,,,伊勢崎市,,9,1
10205,群馬県,,,太田市,,9,1
10206,群馬県,,,沼田市,,9,1
10207,群馬県,,,館林市,,9,1
10208,群馬県,,,渋川市,,9,1
10209,群馬県,,,藤岡市,,9,1
10210,群馬県,,,富岡市,,9,1
10211,群馬県,,,安中市,,9,1
10212,群馬県,,,みどり市,,9,1
10344,群馬県,,北群馬郡,榛東村,,9,1
10345,群馬県,,北群馬郡,吉岡町,,9,1
10366,群馬県,,多野郡,上野村,,9,1
10367,群馬県,,多野郡,神流町,,9,1
10382,群馬県,,甘楽郡,下仁田町,,9,1
10383,群馬県,,甘楽郡,南牧村,,9,1
10384,群馬県,,甘楽郡,甘楽町,,9,1
10421,群馬県,,吾妻郡,中之条町,,9,1
10424,群馬県,,吾妻郡,長野原町,,9,1
10425,群馬県,,吾妻郡,嬬恋村,,9,1
10426,群馬県,,吾妻郡,草津町,,9,1
10428,群馬県,,吾妻郡,高山村,,9,1
10429,群馬県,,吾妻郡,東吾妻町,,9,1
10443,群馬県,,利根郡,片品村,,9,1
10444,群馬県,,利根郡,川場村,,9,1
10448,群馬県,,利根郡,昭和村,,9,1
10449,群馬県,,利根郡,みなかみ町,,9,1
10464,群馬県,,佐波郡,玉村町,,9,1
10521,群馬県,,邑楽郡,板倉町,,9,1
10522,群馬県,,邑楽郡,明和町,,9,1
10523,群馬県,,邑楽郡,千代田町,,9,1
10524,群馬県,,邑楽郡,大泉町,,9,1
10525,群馬県,,邑楽郡,邑楽町,,9,1
11101,埼玉県,,,さいたま市,西区,9,2
11102,埼玉県,,,さいたま市,北区,9,1
11103,埼玉県,,,さいたま市,大宮区,9,1
11104,埼玉県,,,さいたま市,見沼区,9,1
11105,埼玉県,,,さいたま市,中央区,9,1
11106,埼玉県,,,さいたま市,桜区,9,1
11107,埼玉県,,,さいたま市,浦和区,9,1
11108,埼玉県,,,さいたま市,南区,9,1
11109,埼玉県,,,さいたま市,緑区,9,1
11110,埼玉県,,,さいたま市,岩槻区,9,1
11201,埼玉県,,,川越市,,9,1
11202,埼玉県,,,熊谷市,,9,1
11203,埼玉県,,,川口市,,9,1
11206,埼玉県,,,行田市,,9,5
11207,埼玉県,,,秩父市,,9,1
11208,埼玉県,,,所沢市,,9,1
11209,埼玉県,,,飯能市,,9,1
11210,埼玉県,,,加須市,,9,1
11211,埼玉県,,,本庄市,,9,1
11212,埼玉県,,,東松山市,,9,1
11214,埼玉県,,,春日部市,,9,1
11215,埼玉県,,,狭山市,,9,1
11216,埼玉県,,,羽生市,,9,1
11217,埼玉県,,,鴻巣市,,9,1
11218,埼玉県,,,深谷市,,9,2
11219,埼玉県,,,上尾市,,9,2
11221,埼玉県,,,草加市,,9,1
11222,埼玉県,,,越谷市,,9,1
11223,埼玉県,,,蕨市,,9,1
11224,埼玉県,,,戸田市,,9,1
11225,埼玉県,,,入間市,,9,1
11227,埼玉県,,,朝霞市,,9,1
11228,埼玉県,,,志木市,,9,1
11229,埼玉県,,,和光市,,9,1
11230,埼玉県,,,新座市,,9,1
11231,埼玉県,,,桶川市,,9,1
11232,埼玉県,,,久喜市,,9,2
11233,埼玉県,,,北本市,,9,1
11234,埼玉県,,,八潮市,,9,1
11235,埼玉県,,,富士見市,,9,1
11237,埼玉県,,,三郷市,,9,1
11238,埼玉県,,,蓮田市,,9,1
11239,埼玉県,,,坂戸市,,9,1
11240,埼玉県,,,幸手市,,9,1
11241,埼玉県,,,鶴ヶ島市,,9,1
11242,埼玉県,,,日高市,,9,1
11243,埼玉県,,,吉川市,,9,1
11245,埼玉県,,,ふじみ野市,,9,1
11246,埼玉県,,,白岡市,,9,1
11301,埼玉県,,北足立郡,伊奈町,,9,1
11324,埼玉県,,入間郡,三芳町,,9,1
11326,埼玉県,,入間郡,毛呂山町,,9,1
11327,埼玉県,,入間郡,越生町,,9,1
11341,埼玉県,,比企郡,滑川町,,9,1
11342,埼玉県,,比企郡,嵐山町,,9,1
11343,埼玉県,,比企郡,小川町,,9,1
11346,埼玉県,,比企郡,川島町,,9,1
11347,埼玉県,,比企郡,吉見町,,9,2
11348,埼玉県,,比企郡,鳩山町,,9,1
11349,埼玉県,,比企郡,ときがわ町,,9,1
11361,埼玉県,,秩父郡,横瀬町,,9,1
11362,埼玉県,,秩父郡,皆野町,,9,1
11363,埼玉県,,秩父郡,長瀞町,,9,1
11365,埼玉県,,秩父郡,小鹿野町,,9,1
11369,埼玉県,,秩父郡,東秩父村,,9,1
11381,埼玉県,,児玉郡,美里町,,9,4
11383,埼玉県,,児玉郡,神川町,,9,1
11385,埼玉県,,児玉郡,上里町,,9,1
11408,埼玉県,,大里郡,寄居町,,9,1
11442,埼玉県,,南埼玉郡,宮代町,,9,1
11464,埼玉県,,北葛飾郡,杉戸町,,9,1
11465,埼玉県,,北葛飾郡,松伏町,,9,1
12000,千葉県,,,所属未定地,,9,1
12101,千葉県,,,千葉市,中央区,9,2
12102,千葉県,,,千葉市,花見川区,9,1
12103,千葉県,,,千葉市,稲毛区,9,1
12104,千葉県,,,千葉市,若葉区,9,1
12105,千葉県,,,千葉市,緑区,9,2
12106,千葉県,,,千葉市,美浜区,9,2
12202,千葉県,,,銚子市,,9,241
12203,千葉県,,,市川市,,9,3
12204,千葉県,,,船橋市,,9,6
12205,千葉県,,,館山市,,9,374
12206,千葉県,,,木更津市,,9,27
12207,千葉県,,,松戸市,,9,1
12208,千葉県,,,野田市,,9,1
12210,千葉県,,,茂原市,,9,3
12211,千葉県,,,成田市,,9,1
12212,千葉県,,,佐倉市,,9,2
12213,千葉県,,,東金市,,9,6
12215,千葉県,,,旭市,,9,4
12216,千葉県,,,習志野市,,9,1
12217,千葉県,,,柏市,,9,1
12218,千葉県,,,勝浦市,,9,34
12219,千葉県,,,市原市,,9,7
12220,千葉県,,,流山市,,9,1
12221,千葉県,,,八千代市,,9,1
12222,千葉県,,,我孫子市,,9,2
12223,千葉県,,,鴨川市,,9,303
12224,千葉県,,,鎌ケ谷市,,9,1
12225,千葉県,,,君津市,,9,8
12226,千葉県,,,富津市,,9,22
12227,千葉県,,,浦安市,,9,1
12228,千葉県,,,四街道市,,9,1
12229,千葉県,,,袖ケ浦市,,9,1
12230,千葉県,,,八街市,,9,2
12231,千葉県,,,印西市,,9,1
12232,千葉県,,,白井市,,9,1
12233,千葉県,,,富里市,,9,1
12234,千葉県,,,南房総市,,9,1137
12235,千葉県,,,匝瑳市,,9,2
12236,千葉県,,,香取市,,9,1
12237,千葉県,,,山武市,,9,5
12238,千葉県,,,いすみ市,,9,17
12239,千葉県,,,大網白里市,,9,1
12322,千葉県,,印旛郡,酒々井町,,9,1
12329,千葉県,,印旛郡,栄町,,9,2
12342,千葉県,,香取郡,神崎町,,9,1
12347,千葉県,,香取郡,多古町,,9,1
12349,千葉県,,香取郡,東庄町,,9,1
12403,千葉県,,山武郡,九十九里町,,9,3
12409,千葉県,,山武郡,芝山町,,9,1
12410,千葉県,,山武郡,横芝光町,,9,1
12421,千葉県,,長生郡,一宮町,,9,1
12422,千葉県,,長生郡,睦沢町,,9,2
12423,千葉県,,長生郡,長生村,,9,1
12424,千葉県,,長生郡,白子町,,9,2
12426,千葉県,,長生郡,長柄町,,9,1
12427,千葉県,,長生郡,長南町,,9,1
12441,千葉県,,夷隅郡,大多喜町,,9,3
12443,千葉県,,夷隅郡,御宿町,,9,16
12463,千葉県,,安房郡,鋸南町,,9,39
13000,東京都,,,所属未定地,,9,123
13101,東京都,,,千代田区,,9,1
13102,東京都,,,中央区,,9,1
13103,東京都,,,港区,,9,9
13104,東京都,,,新宿区,,9,1
13105,東京都,,,文京区,,9,1
13106,東京都,,,台東区,,9,1
13107,東京都,,,墨田区,,9,1
13108,東京都,,,江東区,,9,75
13109,東京都,,,品川区,,9,6
13110,東京都,,,目黒区,,9,1
13111,東京都,,,大田区,,9,6
13112,東京都,,,世田谷区,,9,1
13113,東京都,,,渋谷区,,9,1
13114,東京都,,,中野区,,9,1
13115,東京都,,,杉並区,,9,1
13116,東京都,,,豊島区,,9,1
13117,東京都,,,北区,,9,1
13118,東京都,,,荒川区,,9,1
13119,東京都,,,板橋区,,9,1
13120,東京都,,,練馬区,,9,1
13121,東京都,,,足立区,,9,1
13122,東京都,,,葛飾区,,9,1
13123,東京都,,,江戸川区,,9,4
13201,東京都,,,八王子市,,9,1
13202,東京都,,,立川市,,9,1
13203,東京都,,,武蔵野市,,9,1
13204,東京都,,,三鷹市,,9,1
13205,東京都,,,青梅市,,9,1
13206,東京都,,,府中市,,9,2
13207,東京都,,,昭島市,,9,1
13208,東京都,,,調布市,,9,1
13209,東京都,,,町田市,,9,1
13210,東京都,,,小金井市,,9,1
13211,東京都,,,小平市,,9,1
13212,東京都,,,日野市,,9,1
13213,東京都,,,東村山市,,9,1
13214,東京都,,,国分寺市,,9,1
13215,東京都,,,国立市,,9,1
13218,東京都,,,福生市,,9,1
13219,東京都,,,狛江市,,9,1
13220,東京都,,,東大和市,,9,1
13221,東京都,,,清瀬市,,9,1
13222,東京都,,,東久留米市,,9,1
13223,東京都,,,武蔵村山市,,9,1
13224,東京都,,,多摩市,,9,1
13225,東京都,,,稲城市,,9,2
13227,東京都,,,羽村市,,9,1
13228,東京都,,,あきる野市,,9,1
13229,東京都,,,西東京市,,9,1
13303,東京都,,西多摩郡,瑞穂町,,9,2
13305,東京都,,西多摩郡,日の出町,,9,1
13307,東京都,,西多摩郡,檜原村,,9,1
13308,東京都,,西多摩郡,奥多摩町,,9,1
13361,東京都,,,大島町,,9,330
13362,東京都,,,利島村,,9,15
13363,東京都,,,新島村,,9,714
13364,東京都,,,神津島村,,9,452
13381,東京都,,,三宅村,,9,54
13382,東京都,,,御蔵島村,,9,63
13401,東京都,,,八丈町,,9,136
13402,東京都,,,青ヶ島村,,9,54
13421,東京都,,,小笠原村,,14;18;19,4812
14101,神奈川県,,,横浜市,鶴見区,9,8
14102,神奈川県,,,横浜市,神奈川区,9,5
14103,神奈川県,,,横浜市,西区,9,1
14104,神奈川県,,,横浜市,中区,9,11
14105,神奈川県,,,横浜市,南区,9,1
14106,神奈川県,,,横浜市,保土ケ谷区,9,1
14107,神奈川県,,,横浜市,磯子区,9,2
14108,神奈川県,,,横浜市,金沢区,9,14
14109,神奈川県,,,横浜市,港北区,9,1
14110,神奈川県,,,横浜市,戸塚区,9,1
14111,神奈川県,,,横浜市,港南区,9,1
14112,神奈川県,,,横浜市,旭区,9,1
14113,神奈川県,,,横浜市,緑区,9,1
14114,神奈川県,,,横浜市,瀬谷区,9,1
14115,神奈川県,,,横浜市,栄区,9,1
14116,神奈川県,,,横浜市,泉区,9,1
14117,神奈川県,,,横浜市,青葉区,9,1
14118,神奈川県,,,横浜市,都筑区,9,1
14131,神奈川県,,,川崎市,川崎区,9,8
14132,神奈川県,,,川崎市,幸区,9,1
14133,神奈川県,,,川崎市,中原区,9,1
14134,神奈川県,,,川崎市,高津区,9,1
14135,神奈川県,,,川崎市,多摩区,9,1
14136,神奈川県,,,川崎市,宮前区,9,1
14137,神奈川県,,,川崎市,麻生区,9,2
14151,神奈川県,,,相模原市,緑区,9,1
14152,神奈川県,,,相模原市,中央区,9,2
14153,神奈川県,,,相模原市,南区,9,1
14201,神奈川県,,,横須賀市,,9,483
14203,神奈川県,,,平塚市,,9,2
14204,神奈川県,,,鎌倉市,,9,2
14205,神奈川県,,,藤沢市,,9,193
14206,神奈川県,,,小田原市,,9,24
14207,神奈川県,,,茅ヶ崎市,,9,68
14208,神奈川県,,,逗子市,,9,14
14210,神奈川県,,,三浦市,,9,125
14211,神奈川県,,,秦野市,,9,1
14212,神奈川県,,,厚木市,,9,1
14213,神奈川県,,,大和市,,9,1
14214,神奈川県,,,伊勢原市,,9,1
14215,神奈川県,,,海老名市,,9,1
14216,神奈川県,,,座間市,,9,1
14217,神奈川県,,,南足柄市,,9,1
14218,神奈川県,,,綾瀬市,,9,1
14301,神奈川県,,三浦郡,葉山町,,9,165
14321,神奈川県,,高座郡,寒川町,,9,1
14341,神奈川県,,中郡,大磯町,,9,2
14342,神奈川県,,中郡,二宮町,,9,1
14361,神奈川県,,足柄上郡,中井町,,9,1
14362,神奈川県,,足柄上郡,大井町,,9,1
14363,神奈川県,,足柄上郡,松田町,,9,1
14364,神奈川県,,足柄上郡,山北町,,9,1
14366,神奈川県,,足柄上郡,開成町,,9,1
14382,神奈川県,,足柄下郡,箱根町,,9,1
14383,神奈川県,,足柄下郡,真鶴町,,9,78
14384,神奈川県,,足柄下郡,湯河原町,,9,1
14401,神奈川県,,愛甲郡,愛川町,,9,1
14402,神奈川県,,愛甲郡,清川村,,9,1
15101,新潟県,,,新潟市,北区,8,12
15102,新潟県,,,新潟市,東区,8,8
15103,新潟県,,,新潟市,中央区,8,11
15104,新潟県,,,新潟市,江南区,8,1
15105,新潟県,,,新潟市,秋葉区,8,1
15106,新潟県,,,新潟市,南区,8,1
15107,新潟県,,,新潟市,西区,8,3
15108,新潟県,,,新潟市,西蒲区,8,47
15202,新潟県,,,長岡市,,8,18
15204,新潟県,,,三条市,,8,1
15205,新潟県,,,柏崎市,,8,94
15206,新潟県,,,新発田市,,8,1
15208,新潟県,,,小千谷市,,8,1
15209,新潟県,,,加茂市,,8,1
15210,新潟県,,,十日町市,,8,1
15211,新潟県,,,見附市,,8,2
15212,新潟県,,,村上市,,8,966
15213,新潟県,,,燕市,,8,6
15216,新潟県,,,糸魚川市,,8,53
15217,新潟県,,,妙高市,,8,1
15218,新潟県,,,五泉市,,8,1
15222,新潟県,,,上越市,,8,46
15223,新潟県,,,阿賀野市,,8,2
15224,新潟県,,,佐渡市,,8,1152
15225,新潟県,,,魚沼市,,8,1
15226,新潟県,,,南魚沼市,,8,1
15227,新潟県,,,胎内市,,8,3
15307,新潟県,,北蒲原郡,聖籠町,,8,4
15342,新潟県,,西蒲原郡,弥彦村,,8,1
15361,新潟県,,南蒲原郡,田上町,,8,1
15385,新潟県,,東蒲原郡,阿賀町,,8,1
15405,新潟県,,三島郡,出雲崎町,,8,4
15461,新潟県,,南魚沼郡,湯沢町,,8,1
15482,新潟県,,中魚沼郡,津南町,,8,1
15504,新潟県,,刈羽郡,刈羽村,,8,2
15581,新潟県,,岩船郡,関川村,,8,1
15586,新潟県,,岩船郡,粟島浦村,,8,257
16201,富山県,,,富山市,,7,2
16202,富山県,,,高岡市,,7,6
16204,富山県,,,魚津市,,7,1
16205,富山県,,,氷見市,,7,14
16206,富山県,,,滑川市,,7,1
16207,富山県,,,黒部市,,7,9
16208,富山県,,,砺波市,,7,1
16209,富山県,,,小矢部市,,7,2
16210,富山県,,,南砺市,,7,1
16211,富山県,,,射水市,,7,8
16321,富山県,,中新川郡,舟橋村,,7,1
16322,富山県,,中新川郡,上市町,,7,2
16323,富山県,,中新川郡,立山町,,7,1
16342,富山県,,下新川郡,入善町,,7,1
16343,富山県,,下新川郡,朝日町,,7,9
17201,石川県,,,金沢市,,7,8
17202,石川県,,,七尾市,,7,88
17203,石川県,,,小松市,,7,1
17204,石川県,,,輪島市,,7,1011
17205,石川県,,,珠洲市,,7,1051
17206,石川県,,,加賀市,,7,23
17207,石川県,,,羽咋市,,7,7
17209,石川県,,,かほく市,,7,1
17210,石川県,,,白山市,,7,2
17211,石川県,,,能美市,,7,1
17212,石川県,,,野々市市,,7,1
17324,石川県,,能美郡,川北町,,7,1
17361,石川県,,河北郡,津幡町,,7,1
17365,石川県,,河北郡,内灘町,,7,1
17384,石川県,,羽咋郡,志賀町,,7,391
17386,石川県,,羽咋郡,宝達志水町,,7,1
17407,石川県,,鹿島郡,中能登町,,7,1
17461,石川県,,鳳珠郡,穴水町,,7,11
17463,石川県,,鳳珠郡,能登町,,7,117
18201,福井県,,,福井市,,6,664
18202,福井県,,,敦賀市,,6,238
18204,福井県,,,小浜市,,6,242
18205,福井県,,,大野市,,6,1
18206,福井県,,,勝山市,,6,1
18207,福井県,,,鯖江市,,6,1
18208,福井県,,,あわら市,,6,13
18209,福井県,,,越前市,,6,1
18210,福井県,,,坂井市,,6,73
18322,福井県,,吉田郡,永平寺町,,6,1
18382,福井県,,今立郡,池田町,,6,1
18404,福井県,,南条郡,南越前町,,6,200
18423,福井県,,丹生郡,越前町,,6,309
18442,福井県,,三方郡,美浜町,,6,422
18481,福井県,,大飯郡,高浜町,,6,317
18483,福井県,,大飯郡,おおい町,,6,239
18501,福井県,,三方上中郡,若狭町,,6,295
19201,山梨県,,,甲府市,,8,1
19202,山梨県,,,富士吉田市,,8,3
19204,山梨県,,,都留市,,8,2
19205,山梨県,,,山梨市,,8,1
19206,山梨県,,,大月市,,8,1
19207,山梨県,,,韮崎市,,8,1
19208,山梨県,,,南アルプス市,,8,1
19209,山梨県,,,北杜市,,8,1
19210,山梨県,,,甲斐市,,8,1
19211,山梨県,,,笛吹市,,8,1
19212,山梨県,,,上野原市,,8,1
19213,山梨県,,,甲州市,,8,3
19214,山梨県,,,中央市,,8,1
19346,山梨県,,西八代郡,市川三郷町,,8,1
19364,山梨県,,南巨摩郡,早川町,,8,1
19365,山梨県,,南巨摩郡,身延町,,8,2
19366,山梨県,,南巨摩郡,南部町,,8,1
19368,山梨県,,南巨摩郡,富士川町,,8,1
19384,山梨県,,中巨摩郡,昭和町,,8,1
19422,山梨県,,南都留郡,道志村,,8,1
19423,山梨県,,南都留郡,西桂町,,8,1
19424,山梨県,,南都留郡,忍野村,,8,1
19425,山梨県,,南都留郡,山中湖村,,8,1
19429,山梨県,,南都留郡,鳴沢村,,8,1
19430,山梨県,,南都留郡,富士河口湖町,,8,4
19442,山梨県,,北都留郡,小菅村,,8,1
19443,山梨県,,北都留郡,丹波山村,,8,1
20201,長野県,,,長野市,,8,1
20202,長野県,,,松本市,,8,1
20203,長野県,,,上田市,,8,1
20204,長野県,,,岡谷市,,8,1
20205,長野県,,,飯田市,,8,1
20206,長野県,,,諏訪市,,8,1
20207,長野県,,,須坂市,,8,1
20208,長野県,,,小諸市,,8,1
20209,長野県,,,伊那市,,8,1
20210,長野県,,,駒ヶ根市,,8,1
20211,長野県,,,中野市,,8,1
20212,長野県,,,大町市,,8,1
20213,長野県,,,飯山市,,8,1
20214,長野県,,,茅野市,,8,1
20215,長野県,,,塩尻市,,8,1
20217,長野県,,,佐久市,,8,2
20218,長野県,,,千曲市,,8,1
20219,長野県,,,東御市,,8,1
20220,長野県,,,安曇野市,,8,1
20303,長野県,,南佐久郡,小海町,,8,1
20304,長野県,,南佐久郡,川上村,,8,1
20305,長野県,,南佐久郡,南牧村,,8,1
20306,長野県,,南佐久郡,南相木村,,8,1
20307,長野県,,南佐久郡,北相木村,,8,1
20309,長野県,,南佐久郡,佐久穂町,,8,1
20321,長野県,,北佐久郡,軽井沢町,,8,1
20323,長野県,,北佐久郡,御代田町,,8,1
20324,長野県,,北佐久郡,立科町,,8,1
20349,長野県,,小県郡,青木村,,8,1
20350,長野県,,小県郡,長和町,,8,1
20361,長野県,,諏訪郡,下諏訪町,,8,1
20362,長野県,,諏訪郡,富士見町,,8,1
20363,長野県,,諏訪郡,原村,,8,1
20382,長野県,,上伊那郡,辰野町,,8,1
20383,長野県,,上伊那郡,箕輪町,,8,1
20384,長野県,,上伊那郡,飯島町,,8,1
20385,長野県,,上伊那郡,南箕輪村,,8,2
20386,長野県,,上伊那郡,中川村,,8,1
20388,長野県,,上伊那郡,宮田村,,8,1
20402,長野県,,下伊那郡,松川町,,8,1
20403,長野県,,下伊那郡,高森町,,8,1
20404,長野県,,下伊那郡,阿南町,,8,1
20407,長野県,,下伊那郡,阿智村,,8,1
20409,長野県,,下伊那郡,平谷村,,8,1
20410,長野県,,下伊那郡,根羽村,,8,1
20411,長野県,,下伊那郡,下條村,,8,1
20412,長野県,,下伊那郡,売木村,,8,1
20413,長野県,,下伊那郡,天龍村,,8,1
20414,長野県,,下伊那郡,泰阜村,,8,1
20415,長野県,,下伊那郡,喬木村,,8,1
20416,長野県,,下伊那郡,豊丘村,,8,1
20417,長野県,,下伊那郡,大鹿村,,8,1
20422,長野県,,木曽郡,上松町,,8,1
20423,長野県,,木曽郡,南木曽町,,8,1
20425,長野県,,木曽郡,木祖村,,8,1
20429,長野県,,木曽郡,王滝村,,8,1
20430,長野県,,木曽郡,大桑村,,8,1
20432,長野県,,木曽郡,木曽町,,8,1
20446,長野県,,東筑摩郡,麻績村,,8,1
20448,長野県,,東筑摩郡,生坂村,,8,1
20450,長野県,,東筑摩郡,山形村,,8,1
20451,長野県,,東筑摩郡,朝日村,,8,1
20452,長野県,,東筑摩郡,筑北村,,8,1
20481,長野県,,北安曇郡,池田町,,8,1
20482,長野県,,北安曇郡,松川村,,8,1
20485,長野県,,北安曇郡,白馬村,,8,1
20486,長野県,,北安曇郡,小谷村,,8,1
20521,長野県,,埴科郡,坂城町,,8,1
20541,長野県,,上高井郡,小布施町,,8,1
20543,長野県,,上高井郡,高山村,,8,1
20561,長野県,,下高井郡,山ノ内町,,8,1
20562,長野県,,下高井郡,木島平村,,8,1
20563,長野県,,下高井郡,野沢温泉村,,8,1
20583,長野県,,上水内郡,信濃町,,8,1
20588,長野県,,上水内郡,小川村,,8,1
20590,長野県,,上水内郡,飯綱町,,8,1
20602,長野県,,下水内郡,栄村,,8,1
21201,岐阜県,,,岐阜市,,7,1
21202,岐阜県,,,大垣市,,7,3
21203,岐阜県,,,高山市,,7,1
21204,岐阜県,,,多治見市,,7,1
21205,岐阜県,,,関市,,7,1
21206,岐阜県,,,中津川市,,7,1
21207,岐阜県,,,美濃市,,7,1
21208,岐阜県,,,瑞浪市,,7,1
21209,岐阜県,,,羽島市,,7,1
21210,岐阜県,,,恵那市,,7,1
21211,岐阜県,,,美濃加茂市,,7,1
21212,岐阜県,,,土岐市,,7,1
21213,岐阜県,,,各務原市,,7,2
21214,岐阜県,,,可児市,,7,2
21215,岐阜県,,,山県市,,7,1
21216,岐阜県,,,瑞穂市,,7,1
21217,岐阜県,,,飛騨市,,7,1
21218,岐阜県,,,本巣市,,7,1
21219,岐阜県,,,郡上市,,7,1
21220,岐阜県,,,下呂市,,7,1
21221,岐阜県,,,海津市,,7,1
21302,岐阜県,,羽島郡,岐南町,,7,2
21303,岐阜県,,羽島郡,笠松町,,7,1
21341,岐阜県,,養老郡,養老町,,7,1
21361,岐阜県,,不破郡,垂井町,,7,1
21362,岐阜県,,不破郡,関ケ原町,,7,1
21381,岐阜県,,安八郡,神戸町,,7,1
21382,岐阜県,,安八郡,輪之内町,,7,1
21383,岐阜県,,安八郡,安八町,,7,1
21401,岐阜県,,揖斐郡,揖斐川町,,7,1
21403,岐阜県,,揖斐郡,大野町,,7,1
21404,岐阜県,,揖斐郡,池田町,,7,1
21421,岐阜県,,本巣郡,北方町,,7,1
21501,岐阜県,,加茂郡,坂祝町,,7,1
21502,岐阜県,,加茂郡,富加町,,7,1
21503,岐阜県,,加茂郡,川辺町,,7,1
21504,岐阜県,,加茂郡,七宗町,,7,1
21505,岐阜県,,加茂郡,八百津町,,7,2
21506,岐阜県,,加茂郡,白川町,,7,1
21507,岐阜県,,加茂郡,東白川村,,7,1
21521,岐阜県,,可児郡,御嵩町,,7,1
21604,岐阜県,,大野郡,白川村,,7,1
22101,静岡県,,,静岡市,葵区,8,1
22102,静岡県,,,静岡市,駿河区,8,4
22103,静岡県,,,静岡市,清水区,8,24
22138,静岡県,,,浜松市,中央区,8,2
22139,静岡県,,,浜松市,浜名区,8,1
22140,静岡県,,,浜松市,天竜区,8,1
22203,静岡県,,,沼津市,,8,18
22205,静岡県,,,熱海市,,8,78
22206,静岡県,,,三島市,,8,1
22207,静岡県,,,富士宮市,,8,1
22208,静岡県,,,伊東市,,8,92
22209,静岡県,,,島田市,,8,1
22210,静岡県,,,富士市,,8,2
22211,静岡県,,,磐田市,,8,2
22212,静岡県,,,焼津市,,8,52
22213,静岡県,,,掛川市,,8,1
22214,静岡県,,,藤枝市,,8,1
22215,静岡県,,,御殿場市,,8,1
22216,静岡県,,,袋井市,,8,1
22219,静岡県,,,下田市,,8,403
22220,静岡県,,,裾野市,,8,1
22221,静岡県,,,湖西市,,8,1
22222,静岡県,,,伊豆市,,8,98
22223,静岡県,,,御前崎市,,8,10
22224,静岡県,,,菊川市,,8,1
22225,静岡県,,,伊豆の国市,,8,1
22226,静岡県,,,牧之原市,,8,12
22301,静岡県,,賀茂郡,東伊豆町,,8,25
22302,静岡県,,賀茂郡,河津町,,8,108
22304,静岡県,,賀茂郡,南伊豆町,,8,646
22305,静岡県,,賀茂郡,松崎町,,8,75
22306,静岡県,,賀茂郡,西伊豆町,,8,148
22325,静岡県,,田方郡,函南町,,8,1
22341,静岡県,,駿東郡,清水町,,8,1
22342,静岡県,,駿東郡,長泉町,,8,1
22344,静岡県,,駿東郡,小山町,,8,1
22424,静岡県,,榛原郡,吉田町,,8,1
22429,静岡県,,榛原郡,川根本町,,8,1
22461,静岡県,,周智郡,森町,,8,1
23000,愛知県,,,所属未定地,,7,2
23101,愛知県,,,名古屋市,千種区,7,1
23102,愛知県,,,名古屋市,東区,7,1
23103,愛知県,,,名古屋市,北区,7,1
23104,愛知県,,,名古屋市,西区,7,1
23105,愛知県,,,名古屋市,中村区,7,1
23106,愛知県,,,名古屋市,中区,7,1
23107,愛知県,,,名古屋市,昭和区,7,1
23108,愛知県,,,名古屋市,瑞穂区,7,1
23109,愛知県,,,名古屋市,熱田区,7,1
23110,愛知県,,,名古屋市,中川区,7,1
23111,愛知県,,,名古屋市,港区,7,4
23112,愛知県,,,名古屋市,南区,7,1
23113,愛知県,,,名古屋市,守山区,7,1
23114,愛知県,,,名古屋市,緑区,7,1
23115,愛知県,,,名古屋市,名東区,7,1
23116,愛知県,,,名古屋市,天白区,7,1
23201,愛知県,,,豊橋市,,7,6
23202,愛知県,,,岡崎市,,7,1
23203,愛知県,,,一宮市,,7,1
23204,愛知県,,,瀬戸市,,7,1
23205,愛知県,,,半田市,,7,1
23206,愛知県,,,春日井市,,7,1
23207,愛知県,,,豊川市,,7,4
23208,愛知県,,,津島市,,7,1
23209,愛知県,,,碧南市,,7,1
23210,愛知県,,,刈谷市,,7,1
23211,愛知県,,,豊田市,,7,1
23212,愛知県,,,安城市,,7,1
23213,愛知県,,,西尾市,,7,159
23214,愛知県,,,蒲郡市,,7,33
23215,愛知県,,,犬山市,,7,1
23216,愛知県,,,常滑市,,7,4
23217,愛知県,,,江南市,,7,1
23219,愛知県,,,小牧市,,7,1
23220,愛知県,,,稲沢市,,7,1
23221,愛知県,,,新城市,,7,1
23222,愛知県,,,東海市,,7,1
23223,愛知県,,,大府市,,7,1
23224,愛知県,,,知多市,,7,2
23225,愛知県,,,知立市,,7,1
23226,愛知県,,,尾張旭市,,7,1
23227,愛知県,,,高浜市,,7,4
23228,愛知県,,,岩倉市,,7,1
23229,愛知県,,,豊明市,,7,1
23230,愛知県,,,日進市,,7,1
23231,愛知県,,,田原市,,7,642
23232,愛知県,,,愛西市,,7,1
23233,愛知県,,,清須市,,7,1
23234,愛知県,,,北名古屋市,,7,1
23235,愛知県,,,弥富市,,7,5
23236,愛知県,,,みよし市,,7,1
23237,愛知県,,,あま市,,7,1
23238,愛知県,,,長久手市,,7,1
23302,愛知県,,愛知郡,東郷町,,7,1
23342,愛知県,,西春日井郡,豊山町,,7,1
23361,愛知県,,丹羽郡,大口町,,7,1
23362,愛知県,,丹羽郡,扶桑町,,7,1
23424,愛知県,,海部郡,大治町,,7,1
23425,愛知県,,海部郡,蟹江町,,7,1
23427,愛知県,,海部郡,飛島村,,7,12
23441,愛知県,,知多郡,阿久比町,,7,1
23442,愛知県,,知多郡,東浦町,,7,2
23445,愛知県,,知多郡,南知多町,,7,96
23446,愛知県,,知多郡,美浜町,,7,1
23447,愛知県,,知多郡,武豊町,,7,3
23501,愛知県,,額田郡,幸田町,,7,1
23561,愛知県,,北設楽郡,設楽町,,7,1
23562,愛知県,,北設楽郡,東栄町,,7,1
23563,愛知県,,北設楽郡,豊根村,,7,1
24201,三重県,,,津市,,6,1
24202,三重県,,,四日市市,,6,8
24203,三重県,,,伊勢市,,6,37
24204,三重県,,,松阪市,,6,2
24205,三重県,,,桑名市,,6,5
24207,三重県,,,鈴鹿市,,6,5
24208,三重県,,,名張市,,6,1
24209,三重県,,,尾鷲市,,6,560
24210,三重県,,,亀山市,,6,1
24211,三重県,,,鳥羽市,,6,1008
24212,三重県,,,熊野市,,6,155
24214,三重県,,,いなべ市,,6,1
24215,三重県,,,志摩市,,6,2038
24216,三重県,,,伊賀市,,6,1
24303,三重県,,桑名郡,木曽岬町,,6,1
24324,三重県,,員弁郡,東員町,,6,1
24341,三重県,,三重郡,菰野町,,6,1
24343,三重県,,三重郡,朝日町,,6,1
24344,三重県,,三重郡,川越町,,6,5
24441,三重県,,多気郡,多気町,,6,1
24442,三重県,,多気郡,明和町,,6,2
24443,三重県,,多気郡,大台町,,6,1
24461,三重県,,度会郡,玉城町,,6,2
24470,三重県,,度会郡,度会町,,6,1
24471,三重県,,度会郡,大紀町,,6,324
24472,三重県,,度会郡,南伊勢町,,6,1974
24543,三重県,,北牟婁郡,紀北町,,6,1381
24561,三重県,,南牟婁郡,御浜町,,6,1
24562,三重県,,南牟婁郡,紀宝町,,6,20
25201,滋賀県,,,大津市,,6,1
25202,滋賀県,,,彦根市,,6,1
25203,滋賀県,,,長浜市,,6,1
25204,滋賀県,,,近江八幡市,,6,1
25206,滋賀県,,,草津市,,6,1
25207,滋賀県,,,守山市,,6,1
25208,滋賀県,,,栗東市,,6,1
25209,滋賀県,,,甲賀市,,6,1
25210,滋賀県,,,野洲市,,6,1
25211,滋賀県,,,湖南市,,6,1
25212,滋賀県,,,高島市,,6,1
25213,滋賀県,,,東近江市,,6,1
25214,滋賀県,,,米原市,,6,1
25383,滋賀県,,蒲生郡,日野町,,6,1
25384,滋賀県,,蒲生郡,竜王町,,6,1
25425,滋賀県,,愛知郡,愛荘町,,6,1
25441,滋賀県,,犬上郡,豊郷町,,6,1
25442,滋賀県,,犬上郡,甲良町,,6,1
25443,滋賀県,,犬上郡,多賀町,,6,1
26101,京都府,,,京都市,北区,6,1
26102,京都府,,,京都市,上京区,6,1
26103,京都府,,,京都市,左京区,6,1
26104,京都府,,,京都市,中京区,6,1
26105,京都府,,,京都市,東山区,6,1
26106,京都府,,,京都市,下京区,6,1
26107,京都府,,,京都市,南区,6,1
26108,京都府,,,京都市,右京区,6,1
26109,京都府,,,京都市,伏見区,6,1
26110,京都府,,,京都市,山科区,6,1
26111,京都府,,,京都市,西京区,6,1
26201,京都府,,,福知山市,,6,1
26202,京都府,,,舞鶴市,,6,285
26203,京都府,,,綾部市,,6,1
26204,京都府,,,宇治市,,6,1
26205,京都府,,,宮津市,,6,54
26206,京都府,,,亀岡市,,6,1
26207,京都府,,,城陽市,,6,1
26208,京都府,,,向日市,,6,1
26209,京都府,,,長岡京市,,6,1
26210,京都府,,,八幡市,,6,5
26211,京都府,,,京田辺市,,6,1
26212,京都府,,,京丹後市,,6,496
26213,京都府,,,南丹市,,6,1
26214,京都府,,,木津川市,,6,1
26303,京都府,,乙訓郡,大山崎町,,6,1
26322,京都府,,久世郡,久御山町,,6,3
26343,京都府,,綴喜郡,井手町,,6,2
26344,京都府,,綴喜郡,宇治田原町,,6,1
26364,京都府,,相楽郡,笠置町,,6,2
26365,京都府,,相楽郡,和束町,,6,1
26366,京都府,,相楽郡,精華町,,6,1
26367,京都府,,相楽郡,南山城村,,6,1
26407,京都府,,船井郡,京丹波町,,6,1
26463,京都府,,与謝郡,伊根町,,6,124
26465,京都府,,与謝郡,与謝野町,,6,1
27102,大阪府,,,大阪市,都島区,6,1
27103,大阪府,,,大阪市,福島区,6,1
27104,大阪府,,,大阪市,此花区,6,9
27106,大阪府,,,大阪市,西区,6,1
27107,大阪府,,,大阪市,港区,6,3
27108,大阪府,,,大阪市,大正区,6,2
27109,大阪府,,,大阪市,天王寺区,6,1
27111,大阪府,,,大阪市,浪速区,6,1
27113,大阪府,,,大阪市,西淀川区,6,1
27114,大阪府,,,大阪市,東淀川区,6,1
27115,大阪府,,,大阪市,東成区,6,1
27116,大阪府,,,大阪市,生野区,6,1
27117,大阪府,,,大阪市,旭区,6,1
27118,大阪府,,,大阪市,城東区,6,1
27119,大阪府,,,大阪市,阿倍野区,6,1
27120,大阪府,,,大阪市,住吉区,6,1
27121,大阪府,,,大阪市,東住吉区,6,1
27122,大阪府,,,大阪市,西成区,6,1
27123,大阪府,,,大阪市,淀川区,6,1
27124,大阪府,,,大阪市,鶴見区,6,1
27125,大阪府,,,大阪市,住之江区,6,5
27126,大阪府,,,大阪市,平野区,6,1
27127,大阪府,,,大阪市,北区,6,1
27128,大阪府,,,大阪市,中央区,6,1
27141,大阪府,,,堺市,堺区,6,4
27142,大阪府,,,堺市,中区,6,1
27143,大阪府,,,堺市,東区,6,1
27144,大阪府,,,堺市,西区,6,8
27145,大阪府,,,堺市,南区,6,1
27146,大阪府,,,堺市,北区,6,1
27147,大阪府,,,堺市,美原区,6,1
27202,大阪府,,,岸和田市,,6,8
27203,大阪府,,,豊中市,,6,2
27204,大阪府,,,池田市,,6,1
27205,大阪府,,,吹田市,,6,1
27206,大阪府,,,泉大津市,,6,2
27207,大阪府,,,高槻市,,6,1
27208,大阪府,,,貝塚市,,6,4
27209,大阪府,,,守口市,,6,1
27210,大阪府,,,枚方市,,6,1
27211,大阪府,,,茨木市,,6,2
27212,大阪府,,,八尾市,,6,1
27213,大阪府,,,泉佐野市,,6,8
27214,大阪府,,,富田林市,,6,1
27215,大阪府,,,寝屋川市,,6,3
27216,大阪府,,,河内長野市,,6,1
27217,大阪府,,,松原市,,6,1
27218,大阪府,,,大東市,,6,1
27219,大阪府,,,和泉市,,6,2
27220,大阪府,,,箕面市,,6,1
27221,大阪府,,,柏原市,,6,1
27222,大阪府,,,羽曳野市,,6,2
27223,大阪府,,,門真市,,6,1
27224,大阪府,,,摂津市,,6,2
27225,大阪府,,,高石市,,6,3
27226,大阪府,,,藤井寺市,,6,1
27227,大阪府,,,東大阪市,,6,1
27228,大阪府,,,泉南市,,6,3
27229,大阪府,,,四條畷市,,6,2
27230,大阪府,,,交野市,,6,1
27231,大阪府,,,大阪狭山市,,6,1
27232,大阪府,,,阪南市,,6,15
27301,大阪府,,三島郡,島本町,,6,1
27321,大阪府,,豊能郡,豊能町,,6,1
27322,大阪府,,豊能郡,能勢町,,6,1
27341,大阪府,,泉北郡,忠岡町,,6,1
27361,大阪府,,泉南郡,熊取町,,6,1
27362,大阪府,,泉南郡,田尻町,,6,2
27366,大阪府,,泉南郡,岬町,,6,14
27381,大阪府,,南河内郡,太子町,,6,1
27382,大阪府,,南河内郡,河南町,,6,3
27383,大阪府,,南河内郡,千早赤阪村,,6,1
28101,兵庫県,,,神戸市,東灘区,5,5
28102,兵庫県,,,神戸市,灘区,5,17
28105,兵庫県,,,神戸市,兵庫区,5,4
28106,兵庫県,,,神戸市,長田区,5,1
28107,兵庫県,,,神戸市,須磨区,5,12
28108,兵庫県,,,神戸市,垂水区,5,6
28109,兵庫県,,,神戸市,北区,5,1
28110,兵庫県,,,神戸市,中央区,5,16
28111,兵庫県,,,神戸市,西区,5,1
28201,兵庫県,,,姫路市,,5,111
28202,兵庫県,,,尼崎市,,5,1
28203,兵庫県,,,明石市,,5,12
28204,兵庫県,,,西宮市,,5,8
28205,兵庫県,,,洲本市,,5,72
28206,兵庫県,,,芦屋市,,5,2
28207,兵庫県,,,伊丹市,,5,1
28208,兵庫県,,,相生市,,5,18
28209,兵庫県,,,豊岡市,,5,457
28210,兵庫県,,,加古川市,,5,5
28212,兵庫県,,,赤穂市,,5,121
28213,兵庫県,,,西脇市,,5,1
28214,兵庫県,,,宝塚市,,5,1
28215,兵庫県,,,三木市,,5,1
28216,兵庫県,,,高砂市,,5,3
28217,兵庫県,,,川西市,,5,2
28218,兵庫県,,,小野市,,5,1
28219,兵庫県,,,三田市,,5,1
28220,兵庫県,,,加西市,,5,1
28221,兵庫県,,,丹波篠山市,,5,1
28222,兵庫県,,,養父市,,5,1
28223,兵庫県,,,丹波市,,5,1
28224,兵庫県,,,南あわじ市,,5,196
28225,兵庫県,,,朝来市,,5,1
28226,兵庫県,,,淡路市,,5,67
28227,兵庫県,,,宍粟市,,5,1
28228,兵庫県,,,加東市,,5,1
28229,兵庫県,,,たつの市,,5,34
28301,兵庫県,,川辺郡,猪名川町,,5,1
28365,兵庫県,,多可郡,多可町,,5,1
28381,兵庫県,,加古郡,稲美町,,5,1
28382,兵庫県,,加古郡,播磨町,,5,4
28442,兵庫県,,神崎郡,市川町,,5,1
28443,兵庫県,,神崎郡,福崎町,,5,1
28446,兵庫県,,神崎郡,神河町,,5,1
28464,兵庫県,,揖保郡,太子町,,5,1
28481,兵庫県,,赤穂郡,上郡町,,5,1
28501,兵庫県,,佐用郡,佐用町,,5,1
28585,兵庫県,,美方郡,香美町,,5,680
28586,兵庫県,,美方郡,新温泉町,,5,288
29201,奈良県,,,奈良市,,6,1
29202,奈良県,,,大和高田市,,6,1
29203,奈良県,,,大和郡山市,,6,1
29204,奈良県,,,天理市,,6,1
29205,奈良県,,,橿原市,,6,1
29206,奈良県,,,桜井市,,6,1
29207,奈良県,,,五條市,,6,1
29208,奈良県,,,御所市,,6,1
29209,奈良県,,,生駒市,,6,1
29210,奈良県,,,香芝市,,6,1
29211,奈良県,,,葛城市,,6,1
29212,奈良県,,,宇陀市,,6,1
29322,奈良県,,山辺郡,山添村,,6,1
29342,奈良県,,生駒郡,平群町,,6,1
29343,奈良県,,生駒郡,三郷町,,6,1
29344,奈良県,,生駒郡,斑鳩町,,6,1
29345,奈良県,,生駒郡,安堵町,,6,1
29361,奈良県,,磯城郡,川西町,,6,1
29362,奈良県,,磯城郡,三宅町,,6,1
29363,奈良県,,磯城郡,田原本町,,6,1
29385,奈良県,,宇陀郡,曽爾村,,6,1
29386,奈良県,,宇陀郡,御杖村,,6,1
29401,奈良県,,高市郡,高取町,,6,1
29402,奈良県,,高市郡,明日香村,,6,1
29424,奈良県,,北葛城郡,上牧町,,6,1
29425,奈良県,,北葛城郡,王寺町,,6,1
29426,奈良県,,北葛城郡,広陵町,,6,1
29427,奈良県,,北葛城郡,河合町,,6,2
29441,奈良県,,吉野郡,吉野町,,6,1
29442,奈良県,,吉野郡,大淀町,,6,1
29443,奈良県,,吉野郡,下市町,,6,1
29444,奈良県,,吉野郡,黒滝村,,6,1
29446,奈良県,,吉野郡,天川村,,6,1
29447,奈良県,,吉野郡,野迫川村,,6,1
29449,奈良県,,吉野郡,十津川村,,6,1
29450,奈良県,,吉野郡,下北山村,,6,1
29451,奈良県,,吉野郡,上北山村,,6,1
29452,奈良県,,吉野郡,川上村,,6,1
29453,奈良県,,吉野郡,東吉野村,,6,1
30000,和歌山県,,,所属未定地,,6,1
30201,和歌山県,,,和歌山市,,6,460
30202,和歌山県,,,海南市,,6,9
30203,和歌山県,,,橋本市,,6,3
30204,和歌山県,,,有田市,,6,313
30205,和歌山県,,,御坊市,,6,57
30206,和歌山県,,,田辺市,,6,35
30207,和歌山県,,,新宮市,,6,61
30208,和歌山県,,,紀の川市,,6,1
30209,和歌山県,,,岩出市,,6,1
30304,和歌山県,,海草郡,紀美野町,,6,1
30341,和歌山県,,伊都郡,かつらぎ町,,6,1
30343,和歌山県,,伊都郡,九度山町,,6,1
30344,和歌山県,,伊都郡,高野町,,6,1
30361,和歌山県,,有田郡,湯浅町,,6,47
30362,和歌山県,,有田郡,広川町,,6,17
30366,和歌山県,,有田郡,有田川町,,6,1
30381,和歌山県,,日高郡,美浜町,,6,37
30382,和歌山県,,日高郡,日高町,,6,144
30383,和歌山県,,日高郡,由良町,,6,191
30390,和歌山県,,日高郡,印南町,,6,3
30391,和歌山県,,日高郡,みなべ町,,6,34
30392,和歌山県,,日高郡,日高川町,,6,1
30401,和歌山県,,西牟婁郡,白浜町,,6,174
30404,和歌山県,,西牟婁郡,上富田町,,6,1
30406,和歌山県,,西牟婁郡,すさみ町,,6,458
30421,和歌山県,,東牟婁郡,那智勝浦町,,6,980
30422,和歌山県,,東牟婁郡,太地町,,6,140
30424,和歌山県,,東牟婁郡,古座川町,,6,1
30427,和歌山県,,東牟婁郡,北山村,,6,1
30428,和歌山県,,東牟婁郡,串本町,,6,934
31201,鳥取県,,,鳥取市,,5,42
31202,鳥取県,,,米子市,,5,5
31203,鳥取県,,,倉吉市,,5,1
31204,鳥取県,,,境港市,,5,5
31302,鳥取県,,岩美郡,岩美町,,5,524
31325,鳥取県,,八頭郡,若桜町,,5,1
31328,鳥取県,,八頭郡,智頭町,,5,1
31329,鳥取県,,八頭郡,八頭町,,5,1
31364,鳥取県,,東伯郡,三朝町,,5,1
31370,鳥取県,,東伯郡,湯梨浜町,,5,127
31371,鳥取県,,東伯郡,琴浦町,,5,5
31372,鳥取県,,東伯郡,北栄町,,5,1
31384,鳥取県,,西伯郡,日吉津村,,5,2
31386,鳥取県,,西伯郡,大山町,,5,4
31389,鳥取県,,西伯郡,南部町,,5,1
31390,鳥取県,,西伯郡,伯耆町,,5,1
31401,鳥取県,,日野郡,日南町,,5,1
31402,鳥取県,,日野郡,日野町,,5,1
31403,鳥取県,,日野郡,江府町,,5,1
32201,島根県,,,松江市,,3,507
32202,島根県,,,浜田市,,3,1052
32203,島根県,,,出雲市,,3,386
32204,島根県,,,益田市,,3,140
32205,島根県,,,大田市,,3,451
32206,島根県,,,安来市,,3,1
32207,島根県,,,江津市,,3,127
32209,島根県,,,雲南市,,3,2
32343,島根県,,仁多郡,奥出雲町,,3,1
32386,島根県,,飯石郡,飯南町,,3,1
32441,島根県,,邑智郡,川本町,,3,1
32448,島根県,,邑智郡,美郷町,,3,1
32449,島根県,,邑智郡,邑南町,,3,1
32501,島根県,,鹿足郡,津和野町,,3,1
32505,島根県,,鹿足郡,吉賀町,,3,1
32525,島根県,,隠岐郡,海士町,,3,159
32526,島根県,,隠岐郡,西ノ島町,,3,186
32527,島根県,,隠岐郡,知夫村,,3,67
32528,島根県,,隠岐郡,隠岐の島町,,3,584
33101,岡山県,,,岡山市,北区,5,1
33102,岡山県,,,岡山市,中区,5,8
33103,岡山県,,,岡山市,東区,5,52
33104,岡山県,,,岡山市,南区,5,12
33202,岡山県,,,倉敷市,,5,85
33203,岡山県,,,津山市,,5,1
33204,岡山県,,,玉野市,,5,29
33205,岡山県,,,笠岡市,,5,91
33207,岡山県,,,井原市,,5,1
33208,岡山県,,,総社市,,5,1
33209,岡山県,,,高梁市,,5,1
33210,岡山県,,,新見市,,5,1
33211,岡山県,,,備前市,,5,43
33212,岡山県,,,瀬戸内市,,5,57
33213,岡山県,,,赤磐市,,5,1
33214,岡山県,,,真庭市,,5,1
33215,岡山県,,,美作市,,5,1
33216,岡山県,,,浅口市,,5,8
33346,岡山県,,和気郡,和気町,,5,1
33423,岡山県,,都窪郡,早島町,,5,1
33445,岡山県,,浅口郡,里庄町,,5,1
33461,岡山県,,小田郡,矢掛町,,5,1
33586,岡山県,,真庭郡,新庄村,,5,1
33606,岡山県,,苫田郡,鏡野町,,5,1
33622,岡山県,,勝田郡,勝央町,,5,1
33623,岡山県,,勝田郡,奈義町,,5,1
33643,岡山県,,英田郡,西粟倉村,,5,1
33663,岡山県,,久米郡,久米南町,,5,1
33666,岡山県,,久米郡,美咲町,,5,1
33681,岡山県,,加賀郡,吉備中央町,,5,1
34101,広島県,,,広島市,中区,3,1
34102,広島県,,,広島市,東区,3,1
34103,広島県,,,広島市,南区,3,20
34104,広島県,,,広島市,西区,3,17
34105,広島県,,,広島市,安佐南区,3,1
34106,広島県,,,広島市,安佐北区,3,1
34107,広島県,,,広島市,安芸区,3,5
34108,広島県,,,広島市,佐伯区,3,3
34202,広島県,,,呉市,,3,168
34203,広島県,,,竹原市,,3,30
34204,広島県,,,三原市,,3,23
34205,広島県,,,尾道市,,3,59
34207,広島県,,,福山市,,3,156
34208,広島県,,,府中市,,3,1
34209,広島県,,,三次市,,3,1
34210,広島県,,,庄原市,,3,1
34211,広島県,,,大竹市,,3,24
34212,広島県,,,東広島市,,3,20
34213,広島県,,,廿日市市,,3,38
34214,広島県,,,安芸高田市,,3,1
34215,広島県,,,江田島市,,3,67
34302,広島県,,安芸郡,府中町,,3,1
34304,広島県,,安芸郡,海田町,,3,2
34307,広島県,,安芸郡,熊野町,,3,1
34309,広島県,,安芸郡,坂町,,3,5
34368,広島県,,山県郡,安芸太田町,,3,1
34369,広島県,,山県郡,北広島町,,3,1
34431,広島県,,豊田郡,大崎上島町,,3,56
34462,広島県,,世羅郡,世羅町,,3,1
34545,広島県,,神石郡,神石高原町,,3,1
35201,山口県,,,下関市,,3,683
35202,山口県,,,宇部市,,3,117
35203,山口県,,,山口市,,3,66
35204,山口県,,,萩市,,3,465
35206,山口県,,,防府市,,3,69
35207,山口県,,,下松市,,3,156
35208,山口県,,,岩国市,,3,45
35210,山口県,,,光市,,3,328
35211,山口県,,,長門市,,3,329
35212,山口県,,,柳井市,,3,41
35213,山口県,,,美祢市,,3,1
35215,山口県,,,周南市,,3,145
35216,山口県,,,山陽小野田市,,3,7
35305,山口県,,大島郡,周防大島町,,3,127
35321,山口県,,玖珂郡,和木町,,3,1
35341,山口県,,熊毛郡,上関町,,3,220
35343,山口県,,熊毛郡,田布施町,,3,16
35344,山口県,,熊毛郡,平生町,,3,45
35502,山口県,,阿武郡,阿武町,,3,108
36201,徳島県,,,徳島市,,4,99
36202,徳島県,,,鳴門市,,4,100
36203,徳島県,,,小松島市,,4,40
36204,徳島県,,,阿南市,,4,1013
36205,徳島県,,,吉野川市,,4,1
36206,徳島県,,,阿波市,,4,1
36207,徳島県,,,美馬市,,4,1
36208,徳島県,,,三好市,,4,2
36301,徳島県,,勝浦郡,勝浦町,,4,1
36302,徳島県,,勝浦郡,上勝町,,4,1
36321,徳島県,,名東郡,佐那河内村,,4,1
36341,徳島県,,名西郡,石井町,,4,1
36342,徳島県,,名西郡,神山町,,4,1
36368,徳島県,,那賀郡,那賀町,,4,1
36383,徳島県,,海部郡,牟岐町,,4,1202
36387,徳島県,,海部郡,美波町,,4,819
36388,徳島県,,海部郡,海陽町,,4,212
36401,徳島県,,板野郡,松茂町,,4,2
36402,徳島県,,板野郡,北島町,,4,1
36403,徳島県,,板野郡,藍住町,,4,1
36404,徳島県,,板野郡,板野町,,4,1
36405,徳島県,,板野郡,上板町,,4,1
36468,徳島県,,美馬郡,つるぎ町,,4,1
36489,徳島県,,三好郡,東みよし町,,4,1
37201,香川県,,,高松市,,4,152
37202,香川県,,,丸亀市,,4,29
37203,香川県,,,坂出市,,4,85
37204,香川県,,,善通寺市,,4,1
37205,香川県,,,観音寺市,,4,17
37206,香川県,,,さぬき市,,4,113
37207,香川県,,,東かがわ市,,4,45
37208,香川県,,,三豊市,,4,118
37322,香川県,,小豆郡,土庄町,,4,56
37324,香川県,,小豆郡,小豆島町,,4,55
37341,香川県,,木田郡,三木町,,4,1
37364,香川県,,香川郡,直島町,,4,48
37386,香川県,,綾歌郡,宇多津町,,4,2
37387,香川県,,綾歌郡,綾川町,,4,1
37403,香川県,,仲多度郡,琴平町,,4,1
37404,香川県,,仲多度郡,多度津町,,4,11
37406,香川県,,仲多度郡,まんのう町,,4,1
38201,愛媛県,,,松山市,,4,198
38202,愛媛県,,,今治市,,4,369
38203,愛媛県,,,宇和島市,,4,2670
38204,愛媛県,,,八幡浜市,,4,96
38205,愛媛県,,,新居浜市,,4,11
38206,愛媛県,,,西条市,,4,12
38207,愛媛県,,,大洲市,,4,25
38210,愛媛県,,,伊予市,,4,4
38213,愛媛県,,,四国中央市,,4,12
38214,愛媛県,,,西予市,,4,116
38215,愛媛県,,,東温市,,4,1
38356,愛媛県,,越智郡,上島町,,4,52
38386,愛媛県,,上浮穴郡,久万高原町,,4,1
38401,愛媛県,,伊予郡,松前町,,4,1
38402,愛媛県,,伊予郡,砥部町,,4,1
38422,愛媛県,,喜多郡,内子町,,4,1
38442,愛媛県,,西宇和郡,伊方町,,4,527
38484,愛媛県,,北宇和郡,松野町,,4,1
38488,愛媛県,,北宇和郡,鬼北町,,4,1
38506,愛媛県,,南宇和郡,愛南町,,4,679
39201,高知県,,,高知市,,4,31
39202,高知県,,,室戸市,,4,564
39203,高知県,,,安芸市,,4,81
39204,高知県,,,南国市,,4,1
39205,高知県,,,土佐市,,4,27
39206,高知県,,,須崎市,,4,767
39208,高知県,,,宿毛市,,4,217
39209,高知県,,,土佐清水市,,4,727
39210,高知県,,,四万十市,,4,108
39211,高知県,,,香南市,,4,38
39212,高知県,,,香美市,,4,1
39301,高知県,,安芸郡,東洋町,,4,248
39302,高知県,,安芸郡,奈半利町,,4,25
39303,高知県,,安芸郡,田野町,,4,1
39304,高知県,,安芸郡,安田町,,4,28
39305,高知県,,安芸郡,北川村,,4,1
39306,高知県,,安芸郡,馬路村,,4,1
39307,高知県,,安芸郡,芸西村,,4,1
39341,高知県,,長岡郡,本山町,,4,1
39344,高知県,,長岡郡,大豊町,,4,1
39363,高知県,,土佐郡,土佐町,,4,1
39364,高知県,,土佐郡,大川村,,4,1
39386,高知県,,吾川郡,いの町,,4,1
39387,高知県,,吾川郡,仁淀川町,,4,1
39401,高知県,,高岡郡,中土佐町,,4,390
39402,高知県,,高岡郡,佐川町,,4,1
39403,高知県,,高岡郡,越知町,,4,1
39405,高知県,,高岡郡,檮原町,,4,1
39410,高知県,,高岡郡,日高村,,4,1
39411,高知県,,高岡郡,津野町,,4,1
39412,高知県,,高岡郡,四万十町,,4,270
39424,高知県,,幡多郡,大月町,,4,464
39427,高知県,,幡多郡,三原村,,4,1
39428,高知県,,幡多郡,黒潮町,,4,430
40000,福岡県,,,所属未定地,,2,1
40101,福岡県,,,北九州市,門司区,2,21
40103,福岡県,,,北九州市,若松区,2,73
40105,福岡県,,,北九州市,戸畑区,2,3
40106,福岡県,,,北九州市,小倉北区,2,24
40107,福岡県,,,北九州市,小倉南区,2,8
40108,福岡県,,,北九州市,八幡東区,2,1
40109,福岡県,,,北九州市,八幡西区,2,13
40131,福岡県,,,福岡市,東区,2,305
40132,福岡県,,,福岡市,博多区,2,1
40133,福岡県,,,福岡市,中央区,2,8
40134,福岡県,,,福岡市,南区,2,1
40135,福岡県,,,福岡市,西区,2,630
40136,福岡県,,,福岡市,城南区,2,1
40137,福岡県,,,福岡市,早良区,2,4
40202,福岡県,,,大牟田市,,2,3
40203,福岡県,,,久留米市,,2,1
40204,福岡県,,,直方市,,2,1
40205,福岡県,,,飯塚市,,2,1
40206,福岡県,,,田川市,,2,1
40207,福岡県,,,柳川市,,2,1
40210,福岡県,,,八女市,,2,1
40211,福岡県,,,筑後市,,2,1
40212,福岡県,,,大川市,,2,1
40213,福岡県,,,行橋市,,2,7
40214,福岡県,,,豊前市,,2,8
40215,福岡県,,,中間市,,2,1
40216,福岡県,,,小郡市,,2,1
40217,福岡県,,,筑紫野市,,2,1
40218,福岡県,,,春日市,,2,1
40219,福岡県,,,大野城市,,2,1
40220,福岡県,,,宗像市,,2,648
40221,福岡県,,,太宰府市,,2,1
40223,福岡県,,,古賀市,,2,1
40224,福岡県,,,福津市,,2,43
40225,福岡県,,,うきは市,,2,1
40226,福岡県,,,宮若市,,2,1
40227,福岡県,,,嘉麻市,,2,1
40228,福岡県,,,朝倉市,,2,2
40229,福岡県,,,みやま市,,2,1
40230,福岡県,,,糸島市,,2,412
40231,福岡県,,,那珂川市,,2,1
40341,福岡県,,糟屋郡,宇美町,,2,1
40342,福岡県,,糟屋郡,篠栗町,,2,1
40343,福岡県,,糟屋郡,志免町,,2,1
40344,福岡県,,糟屋郡,須恵町,,2,1
40345,福岡県,,糟屋郡,新宮町,,2,30
40348,福岡県,,糟屋郡,久山町,,2,1
40349,福岡県,,糟屋郡,粕屋町,,2,1
40381,福岡県,,遠賀郡,芦屋町,,2,31
40382,福岡県,,遠賀郡,水巻町,,2,1
40383,福岡県,,遠賀郡,岡垣町,,2,30
40384,福岡県,,遠賀郡,遠賀町,,2,1
40401,福岡県,,鞍手郡,小竹町,,2,1
40402,福岡県,,鞍手郡,鞍手町,,2,1
40421,福岡県,,嘉穂郡,桂川町,,2,1
40447,福岡県,,朝倉郡,筑前町,,2,1
40448,福岡県,,朝倉郡,東峰村,,2,1
40503,福岡県,,三井郡,大刀洗町,,2,1
40522,福岡県,,三潴郡,大木町,,2,1
40544,福岡県,,八女郡,広川町,,2,2
40601,福岡県,,田川郡,香春町,,2,1
40602,福岡県,,田川郡,添田町,,2,1
40604,福岡県,,田川郡,糸田町,,2,1
40605,福岡県,,田川郡,川崎町,,2,1
40608,福岡県,,田川郡,大任町,,2,1
40609,福岡県,,田川郡,赤村,,2,1
40610,福岡県,,田川郡,福智町,,2,1
40621,福岡県,,京都郡,苅田町,,2,9
40625,福岡県,,京都郡,みやこ町,,2,1
40642,福岡県,,築上郡,吉富町,,2,1
40646,福岡県,,築上郡,上毛町,,2,1
40647,福岡県,,築上郡,築上町,,2,2
41201,佐賀県,,,佐賀市,,2,1
41202,佐賀県,,,唐津市,,2,244
41203,佐賀県,,,鳥栖市,,2,1
41204,佐賀県,,,多久市,,2,1
41205,佐賀県,,,伊万里市,,2,17
41206,佐賀県,,,武雄市,,2,1
41207,佐賀県,,,鹿島市,,2,6
41208,佐賀県,,,小城市,,2,1
41209,佐賀県,,,嬉野市,,2,1
41210,佐賀県,,,神埼市,,2,1
41327,佐賀県,,神埼郡,吉野ヶ里町,,2,1
41341,佐賀県,,三養基郡,基山町,,2,1
41345,佐賀県,,三養基郡,上峰町,,2,1
41346,佐賀県,,三養基郡,みやき町,,2,1
41387,佐賀県,,東松浦郡,玄海町,,2,26
41401,佐賀県,,西松浦郡,有田町,,2,1
41423,佐賀県,,杵島郡,大町町,,2,1
41424,佐賀県,,杵島郡,江北町,,2,1
41425,佐賀県,,杵島郡,白石町,,2,2
41441,佐賀県,,藤津郡,太良町,,2,6
42201,長崎県,,,長崎市,,1,2243
42202,長崎県,,,佐世保市,,1,953
42203,長崎県,,,島原市,,1,54
42204,長崎県,,,諫早市,,1,53
42205,長崎県,,,大村市,,1,16
42207,長崎県,,,平戸市,,1,591
42208,長崎県,,,松浦市,,1,200
42209,長崎県,,,対馬市,,1,519
42210,長崎県,,,壱岐市,,1,1184
42211,長崎県,,,五島市,,1,1674
42212,長崎県,,,西海市,,1,525
42213,長崎県,,,雲仙市,,1,11
42214,長崎県,,,南島原市,,1,66
42307,長崎県,,西彼杵郡,長与町,,1,4
42308,長崎県,,西彼杵郡,時津町,,1,18
42321,長崎県,,東彼杵郡,東彼杵町,,1,9
42322,長崎県,,東彼杵郡,川棚町,,1,10
42323,長崎県,,東彼杵郡,波佐見町,,1,1
42383,長崎県,,北松浦郡,小値賀町,,1,220
42391,長崎県,,北松浦郡,佐々町,,1,1
42411,長崎県,,南松浦郡,新上五島町,,1,856
43101,熊本県,,,熊本市,中央区,2,1
43102,熊本県,,,熊本市,東区,2,1
43103,熊本県,,,熊本市,西区,2,8
43104,熊本県,,,熊本市,南区,2,1
43105,熊本県,,,熊本市,北区,2,1
43202,熊本県,,,八代市,,2,22
43203,熊本県,,,人吉市,,2,1
43204,熊本県,,,荒尾市,,2,1
43205,熊本県,,,水俣市,,2,25
43206,熊本県,,,玉名市,,2,4
43208,熊本県,,,山鹿市,,2,1
43210,熊本県,,,菊池市,,2,1
43211,熊本県,,,宇土市,,2,5
43212,熊本県,,,上天草市,,2,283
43213,熊本県,,,宇城市,,2,26
43214,熊本県,,,阿蘇市,,2,1
43215,熊本県,,,天草市,,2,1507
43216,熊本県,,,合志市,,2,1
43348,熊本県,,下益城郡,美里町,,2,1
43364,熊本県,,玉名郡,玉東町,,2,1
43367,熊本県,,玉名郡,南関町,,2,1
43368,熊本県,,玉名郡,長洲町,,2,3
43369,熊本県,,玉名郡,和水町,,2,1
43403,熊本県,,菊池郡,大津町,,2,1
43404,熊本県,,菊池郡,菊陽町,,2,1
43423,熊本県,,阿蘇郡,南小国町,,2,1
43424,熊本県,,阿蘇郡,小国町,,2,1
43425,熊本県,,阿蘇郡,産山村,,2,1
43428,熊本県,,阿蘇郡,高森町,,2,1
43432,熊本県,,阿蘇郡,西原村,,2,1
43433,熊本県,,阿蘇郡,南阿蘇村,,2,1
43441,熊本県,,上益城郡,御船町,,2,1
43442,熊本県,,上益城郡,嘉島町,,2,1
43443,熊本県,,上益城郡,益城町,,2,1
43444,熊本県,,上益城郡,甲佐町,,2,1
43447,熊本県,,上益城郡,山都町,,2,1
43468,熊本県,,八代郡,氷川町,,2,1
43482,熊本県,,葦北郡,芦北町,,2,24
43484,熊本県,,葦北郡,津奈木町,,2,20
43501,熊本県,,球磨郡,錦町,,2,1
43505,熊本県,,球磨郡,多良木町,,2,1
43506,熊本県,,球磨郡,湯前町,,2,1
43507,熊本県,,球磨郡,水上村,,2,1
43510,熊本県,,球磨郡,相良村,,2,1
43511,熊本県,,球磨郡,五木村,,2,1
43512,熊本県,,球磨郡,山江村,,2,1
43513,熊本県,,球磨郡,球磨村,,2,1
43514,熊本県,,球磨郡,あさぎり町,,2,1
43531,熊本県,,天草郡,苓北町,,2,80
44201,大分県,,,大分市,,2,1016
44202,大分県,,,別府市,,2,9
44203,大分県,,,中津市,,2,5
44204,大分県,,,日田市,,2,1
44205,大分県,,,佐伯市,,2,967
44206,大分県,,,臼杵市,,2,65
44207,大分県,,,津久見市,,2,190
44208,大分県,,,竹田市,,2,1
44209,大分県,,,豊後高田市,,2,9
44210,大分県,,,杵築市,,2,11
44211,大分県,,,宇佐市,,2,14
44212,大分県,,,豊後大野市,,2,1
44213,大分県,,,由布市,,2,1
44214,大分県,,,国東市,,2,50
44322,大分県,,東国東郡,姫島村,,2,6
44341,大分県,,速見郡,日出町,,2,14
44461,大分県,,玖珠郡,九重町,,2,1
44462,大分県,,玖珠郡,玖珠町,,2,1
45201,宮崎県,,,宮崎市,,2,14
45202,宮崎県,,,都城市,,2,1
45203,宮崎県,,,延岡市,,2,1045
45204,宮崎県,,,日南市,,2,327
45205,宮崎県,,,小林市,,2,1
45206,宮崎県,,,日向市,,2,365
45207,宮崎県,,,串間市,,2,551
45208,宮崎県,,,西都市,,2,1
45209,宮崎県,,,えびの市,,2,1
45341,宮崎県,,北諸県郡,三股町,,2,1
45361,宮崎県,,西諸県郡,高原町,,2,1
45382,宮崎県,,東諸県郡,国富町,,2,1
45383,宮崎県,,東諸県郡,綾町,,2,1
45401,宮崎県,,児湯郡,高鍋町,,2,1
45402,宮崎県,,児湯郡,新富町,,2,1
45403,宮崎県,,児湯郡,西米良村,,2,1
45404,宮崎県,,児湯郡,木城町,,2,1
45405,宮崎県,,児湯郡,川南町,,2,2
45406,宮崎県,,児湯郡,都農町,,2,2
45421,宮崎県,,東臼杵郡,門川町,,2,495
45429,宮崎県,,東臼杵郡,諸塚村,,2,1
45430,宮崎県,,東臼杵郡,椎葉村,,2,1
45431,宮崎県,,東臼杵郡,美郷町,,2,1
45441,宮崎県,,西臼杵郡,高千穂町,,2,1
45442,宮崎県,,西臼杵郡,日之影町,,2,1
45443,宮崎県,,西臼杵郡,五ヶ瀬町,,2,1
46000,鹿児島県,,,所属未定地,,1,12
46201,鹿児島県,,,鹿児島市,,2,68
46203,鹿児島県,,,鹿屋市,,2,26
46204,鹿児島県,,,枕崎市,,2,68
46206,鹿児島県,,,阿久根市,,2,297
46208,鹿児島県,,,出水市,,2,16
46210,鹿児島県,,,指宿市,,2,27
46213,鹿児島県,,,西之表市,,2,727
46214,鹿児島県,,,垂水市,,2,11
46215,鹿児島県,,,薩摩川内市,,1;2,730
46216,鹿児島県,,,日置市,,2,5
46217,鹿児島県,,,曽於市,,2,1
46218,鹿児島県,,,霧島市,,2,9
46219,鹿児島県,,,いちき串木野市,,2,306
46220,鹿児島県,,,南さつま市,,1;2,1169
46221,鹿児島県,,,志布志市,,2,109
46222,鹿児島県,,,奄美市,,1,615
46223,鹿児島県,,,南九州市,,2,29
46224,鹿児島県,,,伊佐市,,2,1
46225,鹿児島県,,,姶良市,,2,1
46303,鹿児島県,,鹿児島郡,三島村,,1;2,229
46304,鹿児島県,,鹿児島郡,十島村,,1;2,266
46392,鹿児島県,,薩摩郡,さつま町,,2,1
46404,鹿児島県,,出水郡,長島町,,2,240
46452,鹿児島県,,姶良郡,湧水町,,2,1
46468,鹿児島県,,曽於郡,大崎町,,2,2
46482,鹿児島県,,肝属郡,東串良町,,2,2
46490,鹿児島県,,肝属郡,錦江町,,2,8
46491,鹿児島県,,肝属郡,南大隅町,,2,272
46492,鹿児島県,,肝属郡,肝付町,,2,158
46501,鹿児島県,,熊毛郡,中種子町,,2,672
46502,鹿児島県,,熊毛郡,南種子町,,2,896
46505,鹿児島県,,熊毛郡,屋久島町,,2,755
46523,鹿児島県,,大島郡,大和村,,1,31
46524,鹿児島県,,大島郡,宇検村,,1,71
46525,鹿児島県,,大島郡,瀬戸内町,,1,738
46527,鹿児島県,,大島郡,龍郷町,,1,159
46529,鹿児島県,,大島郡,喜界町,,1,99
46530,鹿児島県,,大島郡,徳之島町,,1,86
46531,鹿児島県,,大島郡,天城町,,1,23
46532,鹿児島県,,大島郡,伊仙町,,1,20
46533,鹿児島県,,大島郡,和泊町,,1,35
46534,鹿児島県,,大島郡,知名町,,1,17
46535,鹿児島県,,大島郡,与論町,,1,14
47000,沖縄県,,,所属未定地,,15,1
47201,沖縄県,,,那覇市,,15,7
47205,沖縄県,,,宜野湾市,,15,1
47207,沖縄県,,,石垣市,,16,1214
47208,沖縄県,,,浦添市,,15,8
47209,沖縄県,,,名護市,,15,434
47210,沖縄県,,,糸満市,,15,75
47211,沖縄県,,,沖縄市,,15,6
47212,沖縄県,,,豊見城市,,15,6
47213,沖縄県,,,うるま市,,15,920
47214,沖縄県,,,宮古島市,,16,738
47215,沖縄県,,,南城市,,15,90
47301,沖縄県,,国頭郡,国頭村,,15,314
47302,沖縄県,,国頭郡,大宜味村,,15,10
47303,沖縄県,,国頭郡,東村,,15,110
47306,沖縄県,,国頭郡,今帰仁村,,15,28
47308,沖縄県,,国頭郡,本部町,,15,92
47311,沖縄県,,国頭郡,恩納村,,15,146
47313,沖縄県,,国頭郡,宜野座村,,15,46
47314,沖縄県,,国頭郡,金武町,,15,79
47315,沖縄県,,国頭郡,伊江村,,15,11
47324,沖縄県,,中頭郡,読谷村,,15,42
47325,沖縄県,,中頭郡,嘉手納町,,15,9
47326,沖縄県,,中頭郡,北谷町,,15,9
47327,沖縄県,,中頭郡,北中城村,,15,3
47328,沖縄県,,中頭郡,中城村,,15,19
47329,沖縄県,,中頭郡,西原町,,15,1
47348,沖縄県,,島尻郡,与那原町,,15,1
47350,沖縄県,,島尻郡,南風原町,,15,1
47353,沖縄県,,島尻郡,渡嘉敷村,,15,192
47354,沖縄県,,島尻郡,座間味村,,15,257
47355,沖縄県,,島尻郡,粟国村,,15,8
47356,沖縄県,,島尻郡,渡名喜村,,15,29
47357,沖縄県,,島尻郡,南大東村,,17,1
47358,沖縄県,,島尻郡,北大東村,,17,60
47359,沖縄県,,島尻郡,伊平屋村,,15,47
47360,沖縄県,,島尻郡,伊是名村,,15,49
47361,沖縄県,,島尻郡,久米島町,,15,132
47362,沖縄県,,島尻郡,八重瀬町,,15,48
47375,沖縄県,,宮古郡,多良間村,,16,19
47381,沖縄県,,八重山郡,竹富町,,16,169
47382,沖縄県,,八重山郡,与那国町,,16,428
