zone,zone_roman,origin_lon_dms,origin_lat_dms,origin_lon,origin_lat,epsg_jgd2011,area_text
1,I,129°30′00″,33°00′00″,129.5,33,6669,長崎県 鹿児島県のうち北方北緯32度南方北緯27度西方東経128度18分東方東経130度を境界線とする区域内（奄美群島は東経130度13分までを含む。）にあるすべての島、小島、環礁及び岩礁
2,II,131°00′00″,33°00′00″,131,33,6670,福岡県 佐賀県 熊本県 大分県 宮崎県 鹿児島県（I系に規定する区域を除く。）
3,III,132°10′00″,36°00′00″,132.1666666667,36,6671,山口県 島根県 広島県
4,IV,133°30′00″,33°00′00″,133.5,33,6672,香川県 愛媛県 徳島県 高知県
5,V,134°20′00″,36°00′00″,134.3333333333,36,6673,兵庫県 鳥取県 岡山県
6,VI,136°00′00″,36°00′00″,136,36,6674,京都府 大阪府 福井県 滋賀県 三重県 奈良県 和歌山県
7,VII,137°10′00″,36°00′00″,137.1666666667,36,6675,石川県 富山県 岐阜県 愛知県
8,VIII,138°30′00″,36°00′00″,138.5,36,6676,新潟県 長野県 山梨県 静岡県
9,IX,139°50′00″,36°00′00″,139.8333333333,36,6677,東京都（XIV系、XVIII系及びXIX系に規定する区域を除く。） 福島県 栃木県 茨城県 埼玉県 千葉県 群馬県 神奈川県
10,X,140°50′00″,40°00′00″,140.8333333333,40,6678,青森県 秋田県 山形県 岩手県 宮城県
11,XI,140°15′00″,44°00′00″,140.25,44,6679,小樽市 函館市 伊達市 北斗市 北海道後志総合振興局の所管区域 北海道胆振総合振興局の所管区域のうち豊浦町、壮瞥町及び洞爺湖町 北海道渡島総合振興局の所管区域 北海道檜山振興局の所管区域
12,XII,142°15′00″,44°00′00″,142.25,44,6680,北海道（XI系及びXIII系に規定する区域を除く。）
13,XIII,144°15′00″,44°00′00″,144.25,44,6681,北見市 帯広市 釧路市 網走市 根室市 北海道オホーツク総合振興局の所管区域のうち美幌町、津別町、斜里町、清里町、小清水町、訓子府町、置戸町、佐呂間町及び大空町 北海道十勝総合振興局の所管区域 北海道釧路総合振興局の所管区域 北海道根室振興局の所管区域
14,XIV,142°00′00″,26°00′00″,142,26,6682,東京都のうち北緯28度から南であり、かつ東経140度30分から東であり東経143度から西である区域
15,XV,127°30′00″,26°00′00″,127.5,26,6683,沖縄県のうち東経126度から東であり、かつ東経130度から西である区域
16,XVI,124°00′00″,26°00′00″,124,26,6684,沖縄県のうち東経126度から西である区域
17,XVII,131°00′00″,26°00′00″,131,26,6685,沖縄県のうち東経130度から東である区域
18,XVIII,136°00′00″,20°00′00″,136,20,6686,東京都のうち北緯28度から南であり、かつ東経140度30分から西である区域
19,XIX,154°00′00″,26°00′00″,154,26,6687,東京都のうち北緯28度から南であり、かつ東経143度から東である区域
