rule_id,zone,prefecture,subprefecture,county,municipality,lon_min,lon_max,lat_min,lat_max,basis,note
1,1,鹿児島県,,大島郡,,128.3,130.2166666667,27,32,I系：奄美群島は東経130度13分までを含む,奄美群島を大島郡と奄美市とみなす（仮定）
2,1,鹿児島県,,,奄美市,128.3,130.2166666667,27,32,I系：奄美群島は東経130度13分までを含む,奄美群島を大島郡と奄美市とみなす（仮定）
3,1,鹿児島県,,,,128.3,130,27,32,I系：北緯27〜32度、東経128度18分〜130度の範囲内の島しょ,
4,2,鹿児島県,,,,,,,,II系：鹿児島県（I系に規定する区域を除く）,
5,1,長崎県,,,,,,,,I系,
6,2,福岡県,,,,,,,,II系,
7,2,佐賀県,,,,,,,,II系,
8,2,熊本県,,,,,,,,II系,
9,2,大分県,,,,,,,,II系,
10,2,宮崎県,,,,,,,,II系,
11,3,山口県,,,,,,,,III系,
12,3,島根県,,,,,,,,III系,
13,3,広島県,,,,,,,,III系,
14,4,香川県,,,,,,,,IV系,
15,4,愛媛県,,,,,,,,IV系,
16,4,徳島県,,,,,,,,IV系,
17,4,高知県,,,,,,,,IV系,
18,5,兵庫県,,,,,,,,V系,
19,5,鳥取県,,,,,,,,V系,
20,5,岡山県,,,,,,,,V系,
21,6,京都府,,,,,,,,VI系,
22,6,大阪府,,,,,,,,VI系,
23,6,福井県,,,,,,,,VI系,
24,6,滋賀県,,,,,,,,VI系,
25,6,三重県,,,,,,,,VI系,
26,6,奈良県,,,,,,,,VI系,
27,6,和歌山県,,,,,,,,VI系,
28,7,石川県,,,,,,,,VII系,
29,7,富山県,,,,,,,,VII系,
30,7,岐阜県,,,,,,,,VII系,
31,7,愛知県,,,,,,,,VII系,
32,8,新潟県,,,,,,,,VIII系,
33,8,長野県,,,,,,,,VIII系,
34,8,山梨県,,,,,,,,VIII系,
35,8,静岡県,,,,,,,,VIII系,
36,18,東京都,,,,,140.5,,28,XVIII系：北緯28度から南、東経140度30分から西,
37,14,東京都,,,,140.5,143,,28,XIV系：北緯28度から南、東経140度30分から東、東経143度から西,
38,19,東京都,,,,143,,,28,XIX系：北緯28度から南、東経143度から東,
39,9,東京都,,,,,,,,IX系：東京都（XIV系、XVIII系及びXIX系に規定する区域を除く）,
40,9,福島県,,,,,,,,IX系,
41,9,栃木県,,,,,,,,IX系,
42,9,茨城県,,,,,,,,IX系,
43,9,埼玉県,,,,,,,,IX系,
44,9,千葉県,,,,,,,,IX系,
45,9,群馬県,,,,,,,,IX系,
46,9,神奈川県,,,,,,,,IX系,
47,10,青森県,,,,,,,,X系,
48,10,秋田県,,,,,,,,X系,
49,10,山形県,,,,,,,,X系,
50,10,岩手県,,,,,,,,X系,
51,10,宮城県,,,,,,,,X系,
52,11,北海道,,,小樽市,,,,,XI系：小樽市,後志総合振興局のルールと結果は同じ。告示に市の名前があるので、そのまま書いている
53,11,北海道,,,函館市,,,,,XI系：函館市,渡島総合振興局のルールと結果は同じ。告示に市の名前があるので、そのまま書いている
54,11,北海道,,,伊達市,,,,,XI系：伊達市,必須。胆振総合振興局のうちXI系は豊浦町・壮瞥町・洞爺湖町だけなので、このルールがないとXII系になる
55,11,北海道,,,北斗市,,,,,XI系：北斗市,渡島総合振興局のルールと結果は同じ。告示に市の名前があるので、そのまま書いている
56,11,北海道,後志総合振興局,,,,,,,XI系：後志総合振興局の所管区域,
57,11,北海道,胆振総合振興局,,豊浦町,,,,,XI系：胆振総合振興局の所管区域のうち豊浦町、壮瞥町及び洞爺湖町,
58,11,北海道,胆振総合振興局,,壮瞥町,,,,,XI系：胆振総合振興局の所管区域のうち豊浦町、壮瞥町及び洞爺湖町,
59,11,北海道,胆振総合振興局,,洞爺湖町,,,,,XI系：胆振総合振興局の所管区域のうち豊浦町、壮瞥町及び洞爺湖町,
60,11,北海道,渡島総合振興局,,,,,,,XI系：渡島総合振興局の所管区域,
61,11,北海道,檜山振興局,,,,,,,XI系：檜山振興局の所管区域,
62,13,北海道,,,北見市,,,,,XIII系：北見市,必須。オホーツク総合振興局のうちXIII系は9町だけなので、このルールがないとXII系になる
63,13,北海道,,,帯広市,,,,,XIII系：帯広市,十勝総合振興局のルールと結果は同じ。告示に市の名前があるので、そのまま書いている
64,13,北海道,,,釧路市,,,,,XIII系：釧路市,釧路総合振興局のルールと結果は同じ。告示に市の名前があるので、そのまま書いている
65,13,北海道,,,網走市,,,,,XIII系：網走市,必須。オホーツク総合振興局のうちXIII系は9町だけなので、このルールがないとXII系になる
66,13,北海道,,,根室市,,,,,XIII系：根室市,根室振興局のルールと結果は同じ。告示に市の名前があるので、そのまま書いている
67,13,北海道,オホーツク総合振興局,,美幌町,,,,,XIII系：オホーツク総合振興局の所管区域のうち美幌町ほか8町,
68,13,北海道,オホーツク総合振興局,,津別町,,,,,XIII系：オホーツク総合振興局の所管区域のうち美幌町ほか8町,
69,13,北海道,オホーツク総合振興局,,斜里町,,,,,XIII系：オホーツク総合振興局の所管区域のうち美幌町ほか8町,
70,13,北海道,オホーツク総合振興局,,清里町,,,,,XIII系：オホーツク総合振興局の所管区域のうち美幌町ほか8町,
71,13,北海道,オホーツク総合振興局,,小清水町,,,,,XIII系：オホーツク総合振興局の所管区域のうち美幌町ほか8町,
72,13,北海道,オホーツク総合振興局,,訓子府町,,,,,XIII系：オホーツク総合振興局の所管区域のうち美幌町ほか8町,
73,13,北海道,オホーツク総合振興局,,置戸町,,,,,XIII系：オホーツク総合振興局の所管区域のうち美幌町ほか8町,
74,13,北海道,オホーツク総合振興局,,佐呂間町,,,,,XIII系：オホーツク総合振興局の所管区域のうち美幌町ほか8町,
75,13,北海道,オホーツク総合振興局,,大空町,,,,,XIII系：オホーツク総合振興局の所管区域のうち美幌町ほか8町,
76,13,北海道,十勝総合振興局,,,,,,,XIII系：十勝総合振興局の所管区域,
77,13,北海道,釧路総合振興局,,,,,,,XIII系：釧路総合振興局の所管区域,
78,13,北海道,根室振興局,,,,,,,XIII系：根室振興局の所管区域,
79,12,北海道,,,,,,,,XII系：北海道（XI系及びXIII系に規定する区域を除く）,
80,16,沖縄県,,,,,126,,,XVI系：東経126度から西,
81,15,沖縄県,,,,126,130,,,XV系：東経126度から東、東経130度から西,
82,17,沖縄県,,,,130,,,,XVII系：東経130度から東,
